,STATION,LINENAME,DIVISION,index,Station ID,Complex ID,GTFS Stop ID,Division,Line,Stop Name,Borough,Daytime Routes,Structure,GTFS Latitude,GTFS Longitude,North Direction Label,South Direction Label,STATION
0,1 AV,L,BMT,118,119,119,L06,BMT,Canarsie,1 Av,M,L,Subway,40.730953,-73.981628,8 Av,Brooklyn,1 AV
6,104 ST,JZ,BMT,81,82,82,J14,BMT,Jamaica,104 St,Q,JZ,Elevated,40.695178000000000,-73.84433,Jamaica,Manhattan,104 ST
10,111 ST,J,BMT,80,81,81,J13,BMT,Jamaica,111 St,Q,J,Elevated,40.697418,-73.836345,Jamaica,Manhattan,111 ST
15,121 ST,JZ,BMT,79,80,80,J12,BMT,Jamaica,121 St,Q,JZ,Elevated,40.700492,-73.828294,Jamaica,Manhattan,121 ST
28,14 ST-UNION SQ,LNQR456W,BMT,14,15,602,R20,BMT,Broadway - Brighton,14 St - Union Sq,M,NQRW,Subway,40.735736000000000,-73.99056800000000,Uptown & Queens,Downtown & Brooklyn,14 ST - UNION SQ
52,18 AV,D,BMT,65,66,66,B19,BMT,West End,18 Av,Bk,D,Elevated,40.607954,-74.001736,Manhattan,Coney Island,18 AV
54,18 AV,N,BMT,73,74,74,N05,BMT,Sea Beach,18 Av,Bk,N,Open Cut,40.620671,-73.990414,Manhattan,Coney Island,18 AV
63,20 AV,D,BMT,66,67,67,B20,BMT,West End,20 Av,Bk,D,Elevated,40.604556,-73.998168,Manhattan,Coney Island,20 AV
64,20 AV,N,BMT,74,75,75,N06,BMT,Sea Beach,20 Av,Bk,N,Open Cut,40.61741,-73.985026,Manhattan,Coney Island,20 AV
75,23 ST,NRW,BMT,13,14,14,R19,BMT,Broadway - Brighton,23 St,M,RW,Subway,40.741303,-73.98934400000000,Uptown & Queens,Downtown & Brooklyn,23 ST
79,25 AV,D,BMT,68,69,69,B22,BMT,West End,25 Av,Bk,D,Elevated,40.597704,-73.986829,Manhattan,Coney Island,25 AV
80,25 ST,R,BMT,30,31,31,R35,BMT,4th Av,25 St,Bk,R,Subway,40.660397000000000,-73.998091,Manhattan,Bay Ridge - 95 St,25 ST
83,28 ST,NRW,BMT,12,13,13,R18,BMT,Broadway - Brighton,28 St,M,RW,Subway,40.745494,-73.988691,Uptown & Queens,Downtown & Brooklyn,28 ST
84,3 AV,L,BMT,117,118,118,L05,BMT,Canarsie,3 Av,M,L,Subway,40.732849,-73.986122,8 Av,Brooklyn,3 AV
87,30 AV,NQW,BMT,2,3,3,R04,BMT,Astoria,30 Av,Q,NW,Elevated,40.766779,-73.921479,Astoria - Ditmars Blvd,Manhattan,30 AV
90,34 ST-HERALD SQ,BDFMNQRW,BMT,11,12,607,R17,BMT,Broadway - Brighton,34 St - Herald Sq,M,NQRW,Subway,40.749567,-73.98795,Uptown & Queens,Downtown & Brooklyn,34 ST - HERALD SQ
96,36 AV,NQW,BMT,4,5,5,R06,BMT,Astoria,36 Av,Q,NW,Elevated,40.756804000000000,-73.929575,Astoria - Ditmars Blvd,Manhattan,36 AV
97,36 ST,DNR,BMT,31,32,32,R36,BMT,4th Av,36 St,Bk,DNR,Subway,40.655144,-74.00354900000000,Manhattan,Coney Island - Bay Ridge,36 ST
99,39 AV,NQW,BMT,5,6,6,R08,BMT,Astoria,39 Av,Q,NW,Elevated,40.752882,-73.932755,Astoria - Ditmars Blvd,Manhattan,39 AV
105,45 ST,R,BMT,32,33,33,R39,BMT,4th Av,45 St,Bk,R,Subway,40.648939,-74.010006,Manhattan,Bay Ridge - 95 St,45 ST
109,49 ST,NQRW,BMT,9,10,10,R15,BMT,Broadway - Brighton,49 St,M,NRW,Subway,40.759901,-73.984139,Uptown & Queens,Downtown & Brooklyn,49 ST
110,4AV-9 ST,DFGMNR,BMT,434,29,608,R33,BMT,4th Av,9 St,Bk,R,Subway,40.670847000000000,-73.988302,Manhattan,Bay Ridge - 95 St,9 ST
112,5 AV/59 ST,NQRW,BMT,7,8,8,R13,BMT,Astoria,5 Av/59 St,M,NWR,Subway,40.764811,-73.973347,Queens,Downtown & Brooklyn,5 AV/59 ST
116,50 ST,D,BMT,60,61,61,B14,BMT,West End,50 St,Bk,D,Elevated,40.63626,-73.994791,Manhattan,Coney Island,50 ST
119,53 ST,R,BMT,33,34,34,R40,BMT,4th Av,53 St,Bk,R,Subway,40.645069,-74.014034,Manhattan,Bay Ridge - 95 St,53 ST
120,55 ST,D,BMT,61,62,62,B15,BMT,West End,55 St,Bk,D,Elevated,40.631435000000000,-73.995476,Manhattan,Coney Island,55 ST
122,57 ST-7 AV,NQRW,BMT,8,9,9,R14,BMT,Broadway - Brighton,57 St - 7 Av,M,NQRW,Subway,40.764664,-73.98065800000000,Uptown & Queens,Downtown & Brooklyn,57 ST - 7 AV
124,59 ST,NQR456W,BMT,400,400,613,629,IRT,Lexington Av,59 St,M,456,Subway,40.762526,-73.967967,Uptown & The Bronx,Downtown & Brooklyn,59 ST
125,59 ST,NRW,BMT,34,35,35,R41,BMT,4th Av,59 St,Bk,NR,Subway,40.641362,-74.017881,Manhattan,Coney Island - Bay Ridge,59 ST
128,6 AV,FLM123,BMT,115,116,601,L02,BMT,Canarsie,6 Av,M,L,Subway,40.737335000000000,-73.996786,8 Av,Brooklyn,6 AV
137,7 AV,BQ,BMT,40,41,41,D25,BMT,Broadway - Brighton,7 Av,Bk,BQ,Subway,40.67705,-73.972367,Manhattan,Brighton Beach & Coney Island,7 AV
139,71 ST,D,BMT,63,64,64,B17,BMT,West End,71 St,Bk,D,Elevated,40.619589000000000,-73.998864,Manhattan,Coney Island,71 ST
145,75 ST-ELDERTS,JZ,BMT,346,346,346,251,IRT,Eastern Pky,Sutter Av - Rutland Rd,Bk,3,Elevated,40.664717000000000,-73.92261000000000,Manhattan,New Lots,SUTTER AV - RUTLAND RD
147,77 ST,R,BMT,36,37,37,R43,BMT,4th Av,77 St,Bk,R,Subway,40.629742,-74.02551,Manhattan,95 St,77 ST
149,79 ST,D,BMT,64,65,65,B18,BMT,West End,79 St,Bk,D,Elevated,40.613501,-74.00061,Manhattan,Coney Island,79 ST
150,8 AV,ACEL,BMT,114,115,618,L01,BMT,Canarsie,8 Av,M,L,Subway,40.739777000000000,-74.002578,,Brooklyn,8 AV
151,8 AV,N,BMT,70,71,71,N02,BMT,Sea Beach,8 Av,Bk,N,Open Cut,40.635064,-74.011719,Manhattan,Coney Island,8 AV
152,8 ST-NYU,NRW,BMT,15,16,16,R21,BMT,Broadway - Brighton,8 St - NYU,M,RW,Subway,40.730328,-73.99262900000000,Uptown & Queens,Downtown & Brooklyn,8 ST - NYU
156,85 ST-FOREST PK,J,BMT,83,84,84,J16,BMT,Jamaica,85 St - Forest Pkwy,Q,J,Elevated,40.692435000000000,-73.86001,Jamaica,Manhattan,85 ST - FOREST PKWY
160,86 ST,N,BMT,78,79,79,N10,BMT,Sea Beach,86 St,Bk,N,Open Cut,40.592721000000000,-73.97823000000000,Manhattan,Coney Island,86 ST
161,86 ST,R,BMT,37,38,38,R44,BMT,4th Av,86 St,Bk,R,Subway,40.622687,-74.028398,Manhattan,95 St,86 ST
164,9 AV,D,BMT,58,59,59,B12,BMT,West End,9 Av,Bk,D,Open Cut,40.646292000000000,-73.994324,Manhattan,Coney Island,9 AV
171,ALABAMA AV,J,BMT,90,91,91,J24,BMT,Jamaica,Alabama Av,Bk,J,Elevated,40.676992,-73.89865400000000,Jamaica,Manhattan,ALABAMA AV
176,ASTORIA BLVD,NQW,BMT,1,2,2,R03,BMT,Astoria,Astoria Blvd,Q,NW,Elevated,40.770258,-73.917843,Ditmars Blvd,Manhattan,ASTORIA BLVD
177,ASTORIA DITMARS,NQW,BMT,0,1,1,R01,BMT,Astoria,Astoria - Ditmars Blvd,Q,NW,Elevated,40.775036,-73.91203400000000,,Manhattan,ASTORIA - DITMARS BLVD
179,ATL AV-BARCLAY,BDNQR2345,BMT,185,40,617,D24,BMT,Broadway - Brighton,Atlantic Av - Barclays Ctr,Bk,BQ,Subway,40.684460000000000,-73.97689,Manhattan,Brighton Beach & Coney Island,ATLANTIC AV - BARCLAYS CTR
181,ATLANTIC AV,L,BMT,132,133,133,L24,BMT,Canarsie,Atlantic Av,Bk,L,Elevated,40.675345,-73.903097,Manhattan,Canarsie - Rockaway Parkway,ATLANTIC AV
182,AVENUE H,BQ,BMT,47,48,48,D32,BMT,Broadway - Brighton,Avenue H,Bk,BQ,Open Cut,40.62927,-73.961639,Manhattan,Brighton Beach & Coney Island,AVENUE H
184,AVENUE J,BQ,BMT,48,49,49,D33,BMT,Broadway - Brighton,Avenue J,Bk,BQ,Open Cut,40.625039,-73.960803,Manhattan,Brighton Beach & Coney Island,AVENUE J
185,AVENUE M,BQ,BMT,49,50,50,D34,BMT,Broadway - Brighton,Avenue M,Bk,BQ,Open Cut,40.617618,-73.959399,Manhattan,Brighton Beach & Coney Island,AVENUE M
188,AVENUE U,BQ,BMT,51,52,52,D37,BMT,Broadway - Brighton,Avenue U,Bk,BQ,Open Cut,40.5993,-73.955929,Manhattan,Brighton Beach & Coney Island,AVENUE U
190,AVENUE U,N,BMT,77,78,78,N09,BMT,Sea Beach,Avenue U,Bk,N,Open Cut,40.597473,-73.979137,Manhattan,Coney Island,AVENUE U
193,BAY 50 ST,D,BMT,69,70,70,B23,BMT,West End,Bay 50 St,Bk,D,Elevated,40.588841000000000,-73.983765,Manhattan,Coney Island,BAY 50 ST
194,BAY PKWY,D,BMT,67,68,68,B21,BMT,West End,Bay Pkwy,Bk,D,Elevated,40.601875,-73.993728,Manhattan,Coney Island,BAY PKWY
196,BAY PKWY,N,BMT,75,76,76,N07,BMT,Sea Beach,Bay Pkwy,Bk,N,Open Cut,40.611815,-73.981848,Manhattan,Coney Island,BAY PKWY
197,BAY RIDGE AV,R,BMT,35,36,36,R42,BMT,4th Av,Bay Ridge Av,Bk,R,Subway,40.634967000000000,-74.023377,Manhattan,95 St,BAY RIDGE AV
198,BAY RIDGE-95 ST,R,BMT,38,39,39,R45,BMT,4th Av,Bay Ridge - 95 St,Bk,R,Subway,40.616622,-74.030876,Manhattan,,BAY RIDGE - 95 ST
208,BEDFORD AV,L,BMT,119,120,120,L08,BMT,Canarsie,Bedford Av,Bk,L,Subway,40.717304,-73.956872,Manhattan,Canarsie - Rockaway Parkway,BEDFORD AV
214,BEVERLEY ROAD,BQ,BMT,44,45,45,D29,BMT,Broadway - Brighton,Beverley Rd,Bk,BQ,Open Cut,40.644031,-73.964492,Manhattan,Brighton Beach & Coney Island,BEVERLEY RD
218,BOROUGH HALL,R2345,BMT,335,335,620,232,IRT,Clark St,Borough Hall,Bk,23,Subway,40.693219,-73.989998,Manhattan,Flatbush - New Lots,BOROUGH HALL
219,BOTANIC GARDEN,S2345,BMT,140,142,626,S04,BMT,Franklin Shuttle,Botanic Garden,Bk,S,Open Cut,40.670343,-73.959245,Franklin Av,Prospect Park,BOTANIC GARDEN
220,BOWERY,JZ,BMT,102,103,103,M19,BMT,Jamaica,Bowery,M,JZ,Subway,40.720280000000000,-73.993915,Brooklyn,Broad St,BOWERY
223,BRIGHTON BEACH,BQ,BMT,54,55,55,D40,BMT,Broadway - Brighton,Brighton Beach,Bk,BQ,Elevated,40.577621,-73.961376,Manhattan,Coney Island,BRIGHTON BEACH
225,BROAD ST,JZ,BMT,106,107,107,M23,BMT,Jamaica,Broad St,M,JZ,Subway,40.706476,-74.01105600000000,Brooklyn,,BROAD ST
227,BROADWAY,NQW,BMT,3,4,4,R05,BMT,Astoria,Broadway,Q,NW,Elevated,40.76182,-73.925508,Astoria - Ditmars Blvd,Manhattan,BROADWAY
235,BUSHWICK AV,L,BMT,370,131,131,L21,BMT,Canarsie,Bushwick Av - Aberdeen St,Bk,L,Subway,40.682829,-73.905249,Manhattan,Canarsie - Rockaway Parkway,BUSHWICK AV - ABERDEEN ST
238,CANAL ST,JNQRZ6W,BMT,17,18,623,R23,BMT,Broadway,Canal St,M,RW,Subway,40.719527,-74.001775,Uptown & Queens,Downtown & Brooklyn,CANAL ST
239,CANARSIE-ROCKAW,L,BMT,137,138,138,L29,BMT,Canarsie,Canarsie - Rockaway Pkwy,Bk,L,At Grade,40.646654,-73.90185,Manhattan,,CANARSIE - ROCKAWAY PKWY
244,CENTRAL AV,M,BMT,113,114,114,M10,BMT,Myrtle Av,Central Av,Bk,M,Elevated,40.697857,-73.927397,Manhattan,Metropolitan Av,CENTRAL AV
248,CHAMBERS ST,JZ456,BMT,104,105,622,M21,BMT,Jamaica,Chambers St,M,JZ,Subway,40.713243,-74.003401,Brooklyn,Broad St,CHAMBERS ST
249,CHAUNCEY ST,JZ,BMT,92,93,93,J28,BMT,Jamaica,Chauncey St,Bk,JZ,Elevated,40.682893,-73.91045600000000,Jamaica,Manhattan,CHAUNCEY ST
253,CHURCH AV,BQ,BMT,43,44,44,D28,BMT,Broadway - Brighton,Church Av,Bk,BQ,Open Cut,40.650527000000000,-73.962982,Manhattan,Brighton Beach & Coney Island,CHURCH AV
256,CITY HALL,NRW,BMT,19,20,20,R24,BMT,Broadway,City Hall,M,RW,Subway,40.713282,-74.006978,Uptown & Queens,Downtown & Brooklyn,CITY HALL
259,CLEVELAND ST,J,BMT,88,89,89,J22,BMT,Jamaica,Cleveland St,Bk,J,Elevated,40.679947,-73.884639,Jamaica,Manhattan,CLEVELAND ST
262,CONEY IS-STILLW,DFNQ,BMT,0,58,58,D43,BMT,Sea Beach / West End / Culver / Brighton,Coney Island - Stillwell Av,Bk,DFNQ,Viaduct,40.577422,-73.98123300000000,Manhattan,,CONEY ISLAND - STILLWELL AV
263,CORTELYOU RD,BQ,BMT,45,46,46,D30,BMT,Broadway - Brighton,Cortelyou Rd,Bk,BQ,Open Cut,40.640927000000000,-73.963891,Manhattan,Brighton Beach & Coney Island,CORTELYOU RD
264,CORTLANDT ST,RNW,BMT,20,21,624,R25,BMT,Broadway,Cortlandt St,M,RW,Subway,40.710668,-74.01102900000000,Uptown & Queens,Downtown & Brooklyn,CORTLANDT ST
268,CRESCENT ST,JZ,BMT,86,87,87,J20,BMT,Jamaica,Crescent St,Bk,JZ,Elevated,40.683194,-73.873785,Jamaica,Manhattan,CRESCENT ST
271,CYPRESS HILLS,J,BMT,85,86,86,J19,BMT,Jamaica,Cypress Hills,Bk,J,Elevated,40.689941,-73.87255,Jamaica,Manhattan,CYPRESS HILLS
272,DEKALB AV,BDNQR,BMT,25,26,26,R30,BMT,Broadway - Brighton,DeKalb Av,Bk,BQR,Subway,40.690635,-73.981824,Manhattan,Coney Island - Bay Ridge,DEKALB AV
273,DEKALB AV,L,BMT,126,127,127,L16,BMT,Canarsie,DeKalb Av,Bk,L,Subway,40.703811,-73.918425,Manhattan,Canarsie - Rockaway Parkway,DEKALB AV
274,DELANCEY/ESSEX,FJMZ,BMT,233,233,625,F15,IND,6th Av - Culver,Delancey St,M,F,Subway,40.718611000000000,-73.988114,Uptown & Queens,Downtown & Brooklyn,DELANCEY ST
282,EAST 105 ST,L,BMT,136,137,137,L28,BMT,Canarsie,E 105 St,Bk,L,At Grade,40.650573,-73.899485,Manhattan,Canarsie - Rockaway Parkway,E 105 ST
293,FLUSHING AV,JM,BMT,97,98,98,M12,BMT,Jamaica,Flushing Av,Bk,JM,Elevated,40.70026,-73.941126,Jamaica - Middle Village,Manhattan,FLUSHING AV
297,FOREST AVE,M,BMT,109,110,110,M05,BMT,Myrtle Av,Forest Av,Q,M,Elevated,40.704423,-73.903077,Manhattan,Metropolitan Av,FOREST AV
303,FRESH POND RD,M,BMT,108,109,109,M04,BMT,Myrtle Av,Fresh Pond Rd,Q,M,Elevated,40.706186000000000,-73.895877,Manhattan,Metropolitan Av,FRESH POND RD
304,FT HAMILTON PKY,D,BMT,59,60,60,B13,BMT,West End,Fort Hamilton Pkwy,Bk,D,Elevated,40.640914,-73.994304,Manhattan,Coney Island,FORT HAMILTON PKWY
306,FT HAMILTON PKY,N,BMT,71,72,72,N03,BMT,Sea Beach,Fort Hamilton Pkwy,Bk,N,Open Cut,40.631386,-74.005351,Manhattan,Coney Island,FORT HAMILTON PKWY
309,FULTON ST,ACJZ2345,BMT,105,106,628,M22,BMT,Jamaica,Fulton St,M,JZ,Subway,40.710374,-74.007582,Brooklyn,Broad St,FULTON ST
312,GATES AV,JZ,BMT,94,95,95,J30,BMT,Jamaica,Gates Av,Bk,JZ,Elevated,40.68963,-73.92227,Jamaica,Manhattan,GATES AV
313,GRAHAM AV,L,BMT,121,122,122,L11,BMT,Canarsie,Graham Av,Bk,L,Subway,40.714565,-73.944053,Manhattan,Canarsie - Rockaway Parkway,GRAHAM AV
316,GRAND ST,L,BMT,122,123,123,L12,BMT,Canarsie,Grand St,Bk,L,Subway,40.711926,-73.94067,Manhattan,Canarsie - Rockaway Parkway,GRAND ST
324,HALSEY ST,J,BMT,93,94,94,J29,BMT,Jamaica,Halsey St,Bk,J,Elevated,40.686370000000000,-73.91655900000000,Jamaica,Manhattan,HALSEY ST
325,HALSEY ST,L,BMT,128,129,129,L19,BMT,Canarsie,Halsey St,Q,L,Subway,40.695602,-73.904084,Manhattan,Canarsie - Rockaway Parkway,HALSEY ST
328,HEWES ST,JM,BMT,99,100,100,M14,BMT,Jamaica,Hewes St,Bk,JM,Elevated,40.70687,-73.95343100000000,Jamaica - Middle Village,Manhattan,HEWES ST
343,JAY ST-METROTEC,R,BMT,24,25,636,R29,BMT,Broadway,Jay St - MetroTech,Bk,R,Subway,40.69218,-73.98594200000000,Manhattan,Bay Ridge - 95 St,JAY ST - METROTECH
344,JEFFERSON ST,L,BMT,125,126,126,L15,BMT,Canarsie,Jefferson St,Bk,L,Subway,40.706607,-73.922913,Manhattan,Canarsie - Rockaway Parkway,JEFFERSON ST
351,KINGS HWY,BQ,BMT,50,51,51,D35,BMT,Broadway - Brighton,Kings Hwy,Bk,BQ,Open Cut,40.608670000000000,-73.957734,Manhattan,Brighton Beach & Coney Island,KINGS HWY
353,KINGS HWY,N,BMT,76,77,77,N08,BMT,Sea Beach,Kings Hwy,Bk,N,Open Cut,40.603923000000000,-73.98035300000000,Manhattan,Coney Island,KINGS HWY
358,KNICKERBOCKER,M,BMT,112,113,113,M09,BMT,Myrtle Av,Knickerbocker Av,Bk,M,Elevated,40.698664,-73.91971100000000,Manhattan,Metropolitan Av,KNICKERBOCKER AV
359,KOSCIUSZKO ST,J,BMT,95,96,96,J31,BMT,Jamaica,Kosciuszko St,Bk,J,Elevated,40.693342,-73.928814,Jamaica,Manhattan,KOSCIUSZKO ST
365,LIVONIA AV,L,BMT,134,135,135,L26,BMT,Canarsie,Livonia Av,Bk,L,Elevated,40.664038,-73.900571,Manhattan,Canarsie - Rockaway Parkway,LIVONIA AV
367,LORIMER ST,JM,BMT,98,99,99,M13,BMT,Jamaica,Lorimer St,Bk,JM,Elevated,40.703869,-73.947408,Jamaica - Middle Village,Manhattan,LORIMER ST
368,LORIMER ST,LG,BMT,120,121,629,L10,BMT,Canarsie,Lorimer St,Bk,L,Subway,40.714063,-73.950275,Manhattan,Canarsie - Rockaway Parkway,LORIMER ST
370,MARCY AV,JMZ,BMT,100,101,101,M16,BMT,Jamaica,Marcy Av,Bk,JMZ,Elevated,40.708359,-73.957757,Jamaica - Middle Village,Manhattan,MARCY AV
372,METROPOLITAN AV,M,BMT,285,285,629,G29,IND,Crosstown,Metropolitan Av,Bk,G,Subway,40.712792,-73.951418,Queens,Church Av,METROPOLITAN AV
375,MONTROSE AV,L,BMT,123,124,124,L13,BMT,Canarsie,Montrose Av,Bk,L,Subway,40.707739000000000,-73.93985,Manhattan,Canarsie - Rockaway Parkway,MONTROSE AV
376,MORGAN AV,L,BMT,124,125,125,L14,BMT,Canarsie,Morgan Av,Bk,L,Subway,40.706152,-73.93314700000000,Manhattan,Canarsie - Rockaway Parkway,MORGAN AV
381,MYRTLE AV,JMZ,BMT,96,97,97,M11,BMT,Jamaica,Myrtle Av,Bk,JMZ,Elevated,40.697207,-73.93565700000000,Jamaica - Middle Village,Manhattan,MYRTLE AV
383,MYRTLE-WYCKOFF,LM,BMT,209,630,630,L17,BMT,Canarsie,Myrtle - Wyckoff Avs,Bk,L,Subway,40.699814,-73.911586,Manhattan,Canarsie - Rockaway Parkway,MYRTLE - WYCKOFF AVS
385,NECK RD,BQ,BMT,52,53,53,D38,BMT,Broadway - Brighton,Neck Rd,Bk,BQ,Open Cut,40.595246,-73.955161,Manhattan,Brighton Beach & Coney Island,NECK RD
389,NEW LOTS,L,BMT,135,136,136,L27,BMT,Canarsie,New Lots Av,Bk,L,Elevated,40.658733000000000,-73.899232,Manhattan,Canarsie - Rockaway Parkway,NEW LOTS AV
391,NEW UTRECHT AV,ND,BMT,72,73,615,N04,BMT,Sea Beach,New Utrecht Av,Bk,N,Open Cut,40.624842,-73.996353,Manhattan,Coney Island,NEW UTRECHT AV
397,NEWKIRK PLAZA,BQ,BMT,46,47,47,D31,BMT,Broadway - Brighton,Newkirk Plaza,Bk,BQ,Open Cut,40.635082000000000,-73.962793,Manhattan,Brighton Beach & Coney Island,NEWKIRK PLAZA
400,NORWOOD AV,JZ,BMT,87,88,88,J21,BMT,Jamaica,Norwood Av,Bk,JZ,Elevated,40.68141,-73.880039,Jamaica,Manhattan,NORWOOD AV
403,OCEAN PKWY,Q,BMT,55,56,56,D41,BMT,Broadway - Brighton,Ocean Pkwy,Bk,Q,Elevated,40.576312,-73.968501,Manhattan,Stillwell Av,OCEAN PKWY
407,PARK PLACE,S,BMT,139,141,141,S03,BMT,Franklin Shuttle,Park Pl,Bk,S,Open Cut,40.674772,-73.957624,Franklin Av,Prospect Park,PARK PL
409,PARKSIDE AV,BQ,BMT,42,43,43,D27,BMT,Broadway - Brighton,Parkside Av,Bk,BQ,Open Cut,40.655292000000000,-73.961495,Manhattan,Brighton Beach & Coney Island,PARKSIDE AV
419,PRINCE ST,NRW,BMT,16,17,17,R22,BMT,Broadway - Brighton,Prince St,M,RW,Subway,40.724329,-73.997702,Uptown & Queens,Downtown & Brooklyn,PRINCE ST
421,PROSPECT AV,R,BMT,29,30,30,R34,BMT,4th Av,Prospect Av,Bk,R,Subway,40.665414,-73.99287200000000,Manhattan,Bay Ridge - 95 St,PROSPECT AV
422,PROSPECT PARK,BQS,BMT,41,42,42,D26,BMT,Broadway - Brighton,Prospect Park,Bk,BQ,Open Cut,40.661614,-73.962246,Manhattan & Franklin Av,Brighton Beach & Coney Island,PROSPECT PARK
427,RECTOR ST,NRW,BMT,21,22,22,R26,BMT,Broadway,Rector St,M,RW,Subway,40.70722,-74.01334200000000,Uptown & Queens,Downtown & Brooklyn,RECTOR ST
436,SENECA AVE,M,BMT,110,111,111,M06,BMT,Myrtle Av,Seneca Av,Q,M,Elevated,40.702762,-73.90774,Manhattan,Metropolitan Av,SENECA AV
437,SHEEPSHEAD BAY,BQ,BMT,53,54,54,D39,BMT,Broadway - Brighton,Sheepshead Bay,Bk,BQ,Open Cut,40.586896,-73.954155,Manhattan,Brighton Beach & Coney Island,SHEEPSHEAD BAY
450,SUTTER AV,L,BMT,133,134,134,L25,BMT,Canarsie,Sutter Av,Bk,L,Elevated,40.669367,-73.901975,Manhattan,Canarsie - Rockaway Parkway,SUTTER AV
456,TIMES SQ-42 ST,ACENQRS1237W,BMT,10,11,611,R16,BMT,Broadway - Brighton,Times Sq - 42 St,M,NQRW,Subway,40.754672,-73.986754,Uptown & Queens,Downtown & Brooklyn,TIMES SQ - 42 ST
460,UNION ST,R,BMT,27,28,28,R32,BMT,4th Av,Union St,Bk,R,Subway,40.677316,-73.98311,Manhattan,Bay Ridge - 95 St,UNION ST
464,VAN SICLEN AV,JZ,BMT,89,90,90,J23,BMT,Jamaica,Van Siclen Av,Bk,JZ,Elevated,40.678024,-73.891688,Jamaica,Manhattan,VAN SICLEN AV
468,W 8 ST-AQUARIUM,FQ,BMT,56,57,57,D42,BMT,Broadway - Brighton,W 8 St - NY Aquarium,Bk,FQ,Elevated,40.576127,-73.975939,Manhattan,Stillwell Av,W 8 ST - NY AQUARIUM
474,WHITEHALL S-FRY,R1W,BMT,230,23,635,R27,BMT,Broadway,Whitehall St,M,RW,Subway,40.703087,-74.01299400000000,Uptown & Queens,Brooklyn,WHITEHALL ST
476,WILSON AV,L,BMT,129,130,130,L20,BMT,Canarsie,Wilson Av,Bk,L,Subway,40.688764,-73.904046,Manhattan,Canarsie - Rockaway Parkway,WILSON AV
478,WOODHAVEN BLVD,JZ,BMT,82,83,83,J15,BMT,Jamaica,Woodhaven Blvd,Q,JZ,Elevated,40.693879000000000,-73.851576,Jamaica,Manhattan,WOODHAVEN BLVD
3,103 ST,BC,IND,155,156,156,A18,IND,8th Av - Fulton St,103 St,M,BC,Subway,40.796092,-73.961454,Uptown & The Bronx,Downtown & Brooklyn,103 ST
5,104 ST,A,IND,193,193,193,A63,IND,Liberty Av,104 St,Q,A,Elevated,40.681711,-73.837683,Manhattan,Lefferts Blvd,104 ST
9,111 ST,A,IND,194,194,194,A64,IND,Liberty Av,111 St,Q,A,Elevated,40.684331,-73.832163,Manhattan,Lefferts Blvd,111 ST
13,116 ST,BC,IND,153,154,154,A16,IND,8th Av - Fulton St,116 St,M,BC,Subway,40.805085,-73.954882,Uptown & The Bronx,Downtown & Brooklyn,116 ST
19,125 ST,ACBD,IND,152,153,153,A15,IND,8th Av - Fulton St,125 St,M,ABCD,Subway,40.811109,-73.952343,Uptown & The Bronx,Downtown & Brooklyn,125 ST
21,135 ST,BC,IND,151,152,152,A14,IND,8th Av - Fulton St,135 St,M,BC,Subway,40.817894,-73.947649,Uptown & The Bronx,Downtown & Brooklyn,135 ST
25,14 ST,ACEL,IND,165,166,618,A31,IND,8th Av - Fulton St,14 St,M,ACE,Subway,40.740893,-74.00169,Uptown - Queens,Downtown & Brooklyn,14 ST
26,14 ST,FLM123,IND,322,322,601,132,IRT,Broadway - 7Av,14 St,M,123,Subway,40.737826,-74.000201,Uptown & The Bronx,Downtown & Brooklyn,14 ST
31,145 ST,ABCD,IND,149,151,151,A12,IND,8th Av - Fulton St,145 St,M,AC,Subway,40.824783000000000,-73.944216,Uptown & The Bronx,Downtown & Brooklyn,145 ST
34,15 ST-PROSPECT,FG,IND,241,241,241,F25,IND,6th Av - Culver,15 St - Prospect Park,Bk,FG,Subway,40.660365000000000,-73.979493,Manhattan - Queens,Church Av - Coney Island,15 ST - PROSPECT PARK
35,155 ST,BD,IND,220,220,220,D12,IND,Concourse,155 St,M,BD,Subway,40.830135,-73.938209,The Bronx,Downtown & Brooklyn,155 ST
36,155 ST,C,IND,148,150,150,A11,IND,8th Av - Fulton St,155 St,M,C,Subway,40.830518,-73.941514,Uptown,Downtown & Brooklyn,155 ST
39,161/YANKEE STAD,BD4,IND,219,219,604,D11,IND,Concourse,161 St - Yankee Stadium,Bx,BD,Subway,40.827905,-73.925651,Bedford Pk Blvd & 205 St,Manhattan,161 ST - YANKEE STADIUM
40,163 ST-AMSTERDM,C,IND,147,149,149,A10,IND,8th Av - Fulton St,163 St - Amsterdam Av,M,C,Subway,40.836013,-73.939892,Uptown,Downtown & Brooklyn,163 ST - AMSTERDAM AV
42,167 ST,BD,IND,218,218,218,D10,IND,Concourse,167 St,Bx,BD,Subway,40.833771,-73.91844,Bedford Pk Blvd & 205 St,Manhattan,167 ST
44,168 ST,AC1,IND,146,148,605,A09,IND,8th Av - Fulton St,168 St,M,AC,Subway,40.840719,-73.939561,207 St,Downtown & Brooklyn,168 ST
45,169 ST,F,IND,255,255,255,F02,IND,Queens Blvd,169 St,Q,F,Subway,40.71047,-73.793604,179 St,Manhattan,169 ST
47,170 ST,BD,IND,217,217,217,D09,IND,Concourse,170 St,Bx,BD,Subway,40.839306,-73.9134,Bedford Pk Blvd & 205 St,Manhattan,170 ST
49,174-175 STS,BD,IND,216,216,216,D08,IND,Concourse,174-175 Sts,Bx,BD,Subway,40.8459,-73.910136,Bedford Pk Blvd & 205 St,Manhattan,174-175 STS
50,175 ST,A,IND,145,147,147,A07,IND,8th Av - Fulton St,175 St,M,A,Subway,40.847391000000000,-73.939704,207 St,Downtown & Brooklyn,175 ST
53,18 AV,F,IND,245,245,245,F30,IND,6th Av - Culver,18 Av,Bk,F,Elevated,40.629755000000000,-73.97697100000000,Manhattan,Coney Island,18 AV
57,181 ST,A,IND,144,146,146,A06,IND,8th Av - Fulton St,181 St,M,A,Subway,40.851695,-73.937969,207 St,Downtown & Brooklyn,181 ST
58,182-183 STS,BD,IND,214,214,214,D06,IND,Concourse,182-183 Sts,Bx,BD,Subway,40.856093,-73.900741,Bedford Pk Blvd & 205 St,Manhattan,182-183 STS
60,190 ST,A,IND,143,145,145,A05,IND,8th Av - Fulton St,190 St,M,A,Subway,40.859022000000000,-73.93418,207 St,Downtown & Brooklyn,190 ST
62,2 AV,F,IND,232,232,232,F14,IND,6th Av - Culver,2 Av,M,F,Subway,40.723402,-73.989938,Uptown & Queens,Downtown & Brooklyn,2 AV
66,21 ST,G,IND,282,282,282,G24,IND,Crosstown,21 St,Q,G,Subway,40.744065,-73.949724,Court Sq,Brooklyn,21 ST
67,21 ST-QNSBRIDGE,F,IND,221,221,221,B04,IND,63rd St,21 St - Queensbridge,Q,F,Subway,40.754203000000000,-73.942836,Jamaica,Manhattan,21 ST - QUEENSBRIDGE
73,23 ST,CE,IND,164,165,165,A30,IND,8th Av - Fulton St,23 St,M,CE,Subway,40.745906,-73.998041,Uptown - Queens,Downtown & Brooklyn,23 ST
74,23 ST,FM,IND,228,228,228,D18,IND,6th Av - Culver,23 St,M,FM,Subway,40.742878000000000,-73.99282100000000,Uptown & Queens,Downtown & Brooklyn,23 ST
91,34 ST-HERALD SQ,BDFMNQRW,IND,11,12,607,R17,BMT,Broadway - Brighton,34 St - Herald Sq,M,NQRW,Subway,40.749567,-73.98795,Uptown & Queens,Downtown & Brooklyn,34 ST - HERALD SQ
95,34 ST-PENN STA,ACE,IND,163,164,164,A28,IND,8th Av - Fulton St,34 St - Penn Station,M,ACE,Subway,40.752287,-73.993391,Uptown - Queens,Downtown & Brooklyn,34 ST - PENN STATION
98,36 ST,MR,IND,272,272,272,G20,IND,Queens Blvd,36 St,Q,MR,Subway,40.752039,-73.928781,Forest Hills,Manhattan,36 ST
100,4 AV-9 ST,DFGMNR,IND,434,29,608,R33,BMT,4th Av,9 St,Bk,R,Subway,40.670847000000000,-73.988302,Manhattan,Bay Ridge - 95 St,9 ST
102,42 ST-BRYANT PK,BDFM7,IND,226,226,609,D16,IND,6th Av - Culver,42 St - Bryant Pk,M,BDFM,Subway,40.754222,-73.984569,Uptown & The Bronx - Queens,Downtown & Brooklyn,42 ST - BRYANT PK
103,42 ST-PORT AUTH,ACENGRS1237W,IND,464,163,611,A27,IND,8th Av - Fulton St,42 St - Port Authority Bus Terminal,M,ACE,Subway,40.757308,-73.989735,Uptown - Queens,Downtown & Brooklyn,42 ST - PORT AUTHORITY BUS TERMINAL
104,42 ST-PORT AUTH,ACENQRS1237W,IND,464,163,611,A27,IND,8th Av - Fulton St,42 St - Port Authority Bus Terminal,M,ACE,Subway,40.757308,-73.989735,Uptown - Queens,Downtown & Brooklyn,42 ST - PORT AUTHORITY BUS TERMINAL
106,46 ST,MR,IND,270,270,270,G18,IND,Queens Blvd,46 St,Q,MR,Subway,40.756312,-73.913333,Forest Hills,Manhattan,46 ST
108,47-50 STS ROCK,BDFM,IND,225,225,225,D15,IND,6th Av - Culver,47-50 Sts - Rockefeller Ctr,M,BDFM,Subway,40.758663,-73.981329,Uptown & The Bronx - Queens,Downtown & Brooklyn,47-50 STS - ROCKEFELLER CTR
111,5 AV/53 ST,EM,IND,276,276,276,F12,IND,Queens Blvd,5 Av/53 St,M,EM,Subway,40.760167000000000,-73.975224,Queens,Downtown & Brooklyn,5 AV/53 ST
115,50 ST,CE,IND,161,162,162,A25,IND,8th Av - Fulton St,50 St,M,CE,Subway,40.762456,-73.985984,Uptown - Queens,Downtown & Brooklyn,50 ST
121,57 ST,F,IND,224,224,224,B10,IND,6th Av - Culver,57 St,M,F,Subway,40.763972000000000,-73.97745,Uptown & Queens,Downtown & Brooklyn,57 ST
127,59 ST COLUMBUS,ABCD1,IND,160,161,614,A24,IND,8th Av - Fulton St,59 St - Columbus Circle,M,ABCD,Subway,40.768296,-73.981736,Uptown & The Bronx,Downtown & Brooklyn,59 ST - COLUMBUS CIRCLE
130,63 DR-REGO PARK,MR,IND,263,263,263,G10,IND,Queens Blvd,63 Dr - Rego Park,Q,MR,Subway,40.729846,-73.861604,Forest Hills,Manhattan,63 DR - REGO PARK
131,65 ST,MR,IND,268,268,268,G15,IND,Queens Blvd,65 St,Q,MR,Subway,40.749669,-73.898453,Forest Hills,Manhattan,65 ST
133,67 AV,MR,IND,262,262,262,G09,IND,Queens Blvd,67 Av,Q,MR,Subway,40.726523,-73.852719,Forest Hills,Manhattan,67 AV
136,7 AV,BDE,IND,277,277,277,D14,IND,Queens Blvd,7 Av,M,BDE,Subway,40.762862,-73.981637,Uptown & The Bronx - Queens,Downtown & Brooklyn,7 AV
138,7 AV,FG,IND,240,240,240,F24,IND,6th Av - Culver,7 Av,Bk,FG,Subway,40.666271,-73.980305,Manhattan - Queens,Church Av - Coney Island,7 AV
141,72 ST,BC,IND,159,160,160,A22,IND,8th Av - Fulton St,72 St,M,BC,Subway,40.775594,-73.97641,Uptown & The Bronx,Downtown & Brooklyn,72 ST
142,72 ST-2 AVE,Q,IND,8,477,477,Q03,IND,Second Av,72 St,M,Q,Subway,40.768799,-73.958424,Uptown,Downtown & Brooklyn,72 ST
144,75 AV,EF,IND,260,260,260,F07,IND,Queens Blvd,75 Av,Q,EF,Subway,40.718331,-73.837324,Jamaica,Manhattan,75 AV
153,80 ST,A,IND,190,190,190,A59,IND,Liberty Av,80 St,Q,A,Elevated,40.679371,-73.858992,Manhattan,Lefferts - Rockaways,80 ST
154,81 ST-MUSEUM,BC,IND,214,159,159,A21,IND,8th Av - Fulton St,81 St - Museum of Natural History,M,BC,Subway,40.781433,-73.972143,Uptown & The Bronx,Downtown & Brooklyn,81 ST - MUSEUM OF NATURAL HISTORY
159,86 ST,BC,IND,157,158,158,A20,IND,8th Av - Fulton St,86 St,M,BC,Subway,40.785868,-73.96891600000000,Uptown & The Bronx,Downtown & Brooklyn,86 ST
162,86 ST-2 AVE,Q,IND,377,476,476,Q04,IND,Second Av,86 St,M,Q,Subway,40.777891,-73.951787,Uptown,Downtown & Brooklyn,86 ST
163,88 ST,A,IND,191,191,191,A60,IND,Liberty Av,88 St,Q,A,Elevated,40.679843,-73.85147000000000,Manhattan,Lefferts - Rockaways,88 ST
168,96 ST,BC,IND,156,157,157,A19,IND,8th Av - Fulton St,96 St,M,BC,Subway,40.791642000000000,-73.96469600000000,Uptown & The Bronx,Downtown & Brooklyn,96 ST
169,96 ST-2 AVE,Q,IND,434,475,475,Q05,IND,Second Av,96 St,M,Q,Subway,40.784318,-73.947152,,Downtown & Brooklyn,96 ST
173,AQUEDUCT N.COND,A,IND,197,197,197,H02,IND,Rockaway,Aqueduct - N Conduit Av,Q,A,At Grade,40.668234000000000,-73.834058,Manhattan,Rockaways,AQUEDUCT - N CONDUIT AV
174,AQUEDUCT RACETR,A,IND,196,196,196,H01,IND,Rockaway,Aqueduct Racetrack,Q,A,At Grade,40.672097000000000,-73.83591900000000,Manhattan,Rockaways,AQUEDUCT RACETRACK
183,AVENUE I,F,IND,246,246,246,F31,IND,6th Av - Culver,Avenue I,Bk,F,Elevated,40.625322,-73.976127,Manhattan,Coney Island,AVENUE I
186,AVENUE N,F,IND,248,248,248,F33,IND,6th Av - Culver,Avenue N,Bk,F,Elevated,40.615140000000000,-73.974197,Manhattan,Coney Island,AVENUE N
187,AVENUE P,F,IND,249,249,249,F34,IND,6th Av - Culver,Avenue P,Bk,F,Elevated,40.608944,-73.973022,Manhattan,Coney Island,AVENUE P
189,AVENUE U,F,IND,248,251,251,F36,IND,6th Av - Culver,Avenue U,Bk,F,Elevated,40.596063,-73.973357,Manhattan,Coney Island,AVENUE U
191,AVENUE X,F,IND,252,252,252,F38,IND,6th Av - Culver,Avenue X,Bk,F,Elevated,40.589620000000000,-73.97425,Manhattan,Coney Island,AVENUE X
192,B'WAY-LAFAYETTE,BDFQ6,IND,230,230,619,D21,IND,6th Av - Culver,Broadway-Lafayette St,M,BDFM,Subway,40.725297,-73.996204,Uptown & The Bronx - Queens,Downtown & Brooklyn,BROADWAY-LAFAYETTE ST
195,BAY PKWY,F,IND,247,247,247,F32,IND,6th Av - Culver,Bay Pkwy,Bk,F,Elevated,40.620769,-73.975264,Manhattan,Coney Island,BAY PKWY
200,BEACH 105 ST,AS,IND,202,202,202,H14,IND,Rockaway,Beach 105 St,Q,AS,Viaduct,40.583209000000000,-73.827559,Manhattan,Rockaway Park,BEACH 105 ST
201,BEACH 25 ST,A,IND,208,208,208,H10,IND,Rockaway,Beach 25 St,Q,A,Viaduct,40.600066,-73.761353,Manhattan,Far Rockaway,BEACH 25 ST
202,BEACH 36 ST,A,IND,207,207,207,H09,IND,Rockaway,Beach 36 St,Q,A,Viaduct,40.595398000000000,-73.768175,Manhattan,Far Rockaway,BEACH 36 ST
203,BEACH 44 ST,A,IND,206,206,206,H08,IND,Rockaway,Beach 44 St,Q,A,Viaduct,40.592943,-73.776013,Manhattan,Far Rockaway,BEACH 44 ST
204,BEACH 60 ST,A,IND,205,205,205,H07,IND,Rockaway,Beach 60 St,Q,A,Viaduct,40.592374,-73.788522,Manhattan,Far Rockaway,BEACH 60 ST
205,BEACH 67 ST,A,IND,204,204,204,H06,IND,Rockaway,Beach 67 St,Q,A,Viaduct,40.590927,-73.796924,Manhattan,Far Rockaway,BEACH 67 ST
206,BEACH 90 ST,AS,IND,200,200,200,H12,IND,Rockaway,Beach 90 St,Q,AS,Viaduct,40.588034,-73.813641,Manhattan,Rockaway Park,BEACH 90 ST
207,BEACH 98 ST,AS,IND,201,201,201,H13,IND,Rockaway,Beach 98 St,Q,AS,Viaduct,40.585307,-73.82055800000000,Manhattan,Rockaway Park,BEACH 98 ST
210,BEDFORD PK BLVD,BD,IND,211,211,211,D03,IND,Concourse,Bedford Park Blvd,Bx,BD,Subway,40.873244,-73.88713800000000,Norwood - 205 St,Manhattan,BEDFORD PARK BLVD
211,BEDFORD-NOSTRAN,G,IND,289,289,289,G33,IND,Crosstown,Bedford - Nostrand Avs,Bk,G,Subway,40.689627,-73.95352200000000,Queens,Church Av,BEDFORD - NOSTRAND AVS
213,BERGEN ST,FG,IND,236,236,236,F20,IND,6th Av - Culver,Bergen St,Bk,FG,Subway,40.686145,-73.99086200000000,Manhattan - Queens,Church Av - Coney Island,BERGEN ST
222,BRIARWOOD,EF,IND,0,258,258,F05,IND,Queens Blvd,Briarwood - Van Wyck Blvd,Q,EF,Subway,40.709179,-73.820574,Jamaica,Manhattan,BRIARWOOD - VAN WYCK BLVD
224,BROAD CHANNEL,AS,IND,199,199,199,H04,IND,Rockaway,Broad Channel,Q,AS,At Grade,40.608382,-73.815925,Manhattan,Rockaways,BROAD CHANNEL
226,BROADWAY,G,IND,286,286,286,G30,IND,Crosstown,Broadway,Bk,G,Subway,40.706092,-73.95030800000000,Queens,Church Av,BROADWAY
228,BROADWAY JCT,ACJLZ,IND,91,92,621,J27,BMT,Jamaica,Broadway Jct,Bk,JZ,Elevated,40.679498000000000,-73.904512,Jamaica,Manhattan,BROADWAY JCT
237,CANAL ST,ACE,IND,169,169,169,A34,IND,8th Av - Fulton St,Canal St,M,ACE,Subway,40.720824,-74.005229,Uptown - Queens,Downtown & Brooklyn,CANAL ST
240,CARROLL ST,FG,IND,237,237,237,F21,IND,6th Av - Culver,Carroll St,Bk,FG,Subway,40.680303,-73.995048,Manhattan - Queens,Church Av - Coney Island,CARROLL ST
243,CATHEDRAL PKWY,BC,IND,308,308,308,118,IRT,Broadway - 7Av,Cathedral Pkwy,M,1,Subway,40.803967,-73.966847,Uptown & The Bronx,Downtown,CATHEDRAL PKWY
247,CHAMBERS ST,ACE23,IND,170,170,624,A36,IND,8th Av - Fulton St,Chambers St,M,AC,Subway,40.714111000000000,-74.008585,Uptown,Downtown & Brooklyn,CHAMBERS ST
254,CHURCH AV,FG,IND,243,243,243,F27,IND,6th Av - Culver,Church Av,Bk,F,Subway,40.644041000000000,-73.979678,Manhattan,Coney Island,CHURCH AV
258,CLASSON AV,G,IND,290,290,290,G34,IND,Crosstown,Classon Av,Bk,G,Subway,40.688873,-73.96007,Queens,Church Av,CLASSON AV
260,CLINTON-WASH AV,C,IND,177,177,177,A44,IND,8th Av - Fulton St,Clinton - Washington Avs,Bk,C,Subway,40.683263000000000,-73.965838,Manhattan,Euclid Av,CLINTON - WASHINGTON AVS
261,CLINTON-WASH AV,G,IND,291,291,291,G35,IND,Crosstown,Clinton - Washington Avs,Bk,G,Subway,40.688089,-73.96683900000000,Queens,Church Av,CLINTON - WASHINGTON AVS
266,COURT SQ,EMG,IND,274,274,606,F09,IND,Queens Blvd,Court Sq,Q,EM,Subway,40.747846,-73.946,Forest Hills - Jamaica,Manhattan,COURT SQ
267,COURT SQ-23 ST,EMG,IND,274,281,606,G22,IND,Crosstown,Court Sq,Q,G,Subway,40.746554000000000,-73.943832,,Brooklyn,COURT SQ
275,DELANCEY/ESSEX,FJMZ,IND,233,233,625,F15,IND,6th Av - Culver,Delancey St,M,F,Subway,40.718611000000000,-73.988114,Uptown & Queens,Downtown & Brooklyn,DELANCEY ST
276,DITMAS AV,F,IND,244,244,244,F29,IND,6th Av - Culver,Ditmas Av,Bk,F,Elevated,40.636119,-73.978172,Manhattan,Coney Island,DITMAS AV
278,DYCKMAN ST,A,IND,142,144,144,A03,IND,8th Av - Fulton St,Dyckman St,M,A,Subway,40.865491,-73.92727100000000,207 St,Downtown & Brooklyn,DYCKMAN ST
283,EAST BROADWAY,F,IND,234,234,234,F16,IND,6th Av - Culver,East Broadway,M,F,Subway,40.713715,-73.990173,Uptown & Queens,Brooklyn,EAST BROADWAY
287,ELMHURST AV,MR,IND,266,266,266,G13,IND,Queens Blvd,Elmhurst Av,Q,MR,Subway,40.742454000000000,-73.882017,Forest Hills,Manhattan,ELMHURST AV
288,EUCLID AV,AC,IND,188,188,188,A55,IND,8th Av - Fulton St,Euclid Av,Bk,AC,Subway,40.675377000000000,-73.872106,Manhattan,Lefferts - Rockaways,EUCLID AV
290,FAR ROCKAWAY,A,IND,0,209,209,H11,IND,Rockaway,Far Rockaway - Mott Av,Q,A,Viaduct,40.603995,-73.75540500000000,Manhattan,,FAR ROCKAWAY - MOTT AV
292,FLUSHING AV,G,IND,287,287,287,G31,IND,Crosstown,Flushing Av,Bk,G,Subway,40.700377,-73.950234,Queens,Church Av,FLUSHING AV
296,FORDHAM RD,BD,IND,213,213,213,D05,IND,Concourse,Fordham Rd,Bx,BD,Subway,40.861296,-73.897749,Bedford Pk Blvd & 205 St,Manhattan,FORDHAM RD
298,FOREST HILLS 71,EFMR,IND,261,261,261,G08,IND,Queens Blvd,Forest Hills - 71 Av,Q,EFMR,Subway,40.721691,-73.844521,Jamaica,Manhattan,FOREST HILLS - 71 AV
300,FRANKLIN AV,ACS,IND,138,139,627,S01,BMT,Franklin Shuttle,Franklin Av,Bk,S,Elevated,40.680596,-73.955827,,Prospect Park,FRANKLIN AV
305,FT HAMILTON PKY,FG,IND,242,242,242,F26,IND,6th Av - Culver,Fort Hamilton Pkwy,Bk,FG,Subway,40.650782,-73.975776,Manhattan - Queens,Church Av - Coney Island,FORT HAMILTON PKWY
307,FULTON ST,2345ACJZ,IND,105,172,628,A38,IND,8th Av - Fulton St,Fulton St,M,AC,Subway,40.710197000000000,-74.00769100000000,Uptown,Brooklyn,FULTON ST
310,FULTON ST,ACJZ2345,IND,105,106,628,M22,BMT,Jamaica,Fulton St,M,JZ,Subway,40.710374,-74.007582,Brooklyn,Broad St,FULTON ST
311,FULTON ST,G,IND,292,292,292,G36,IND,Crosstown,Fulton St,Bk,G,Subway,40.687119,-73.975375,Queens,Church Av,FULTON ST
315,GRAND ST,BD,IND,231,231,231,D22,IND,6th Av - Culver,Grand St,M,BD,Subway,40.718267,-73.993753,Uptown & The Bronx,Brooklyn,GRAND ST
317,GRAND-NEWTOWN,MR,IND,265,265,265,G12,IND,Queens Blvd,Grand Av - Newtown,Q,MR,Subway,40.737015,-73.877223,Forest Hills,Manhattan,GRAND AV - NEWTOWN
318,GRANT AV,A,IND,189,189,189,A57,IND,Liberty Av,Grant Av,Bk,A,Subway,40.677044,-73.86505,Manhattan,Lefferts - Rockaways,GRANT AV
320,GREENPOINT AV,G,IND,283,283,283,G26,IND,Crosstown,Greenpoint Av,Bk,G,Subway,40.731352,-73.954449,Queens,Church Av,GREENPOINT AV
329,HIGH ST,AC,IND,173,173,173,A40,IND,8th Av - Fulton St,High St,Bk,AC,Subway,40.699337,-73.990531,Manhattan,Euclid - Lefferts - Rockaways,HIGH ST
331,HOWARD BCH JFK,A,IND,192,198,198,H03,IND,Rockaway,Howard Beach - JFK Airport,Q,A,At Grade,40.660476,-73.830301,Manhattan,Rockaways,HOWARD BEACH - JFK AIRPORT
333,HOYT-SCHER,ACG,IND,175,175,175,A42,IND,8th Av - Fulton St,Hoyt - Schermerhorn Sts,Bk,ACG,Subway,40.688484,-73.985001,Manhattan - Church Av,Euclid Av & Queens - Court Sq,HOYT - SCHERMERHORN STS
337,INWOOD-207 ST,A,IND,141,143,143,A02,IND,8th Av - Fulton St,Inwood - 207 St,M,A,Subway,40.868072,-73.919899,,Downtown & Brooklyn,INWOOD - 207 ST
339,JAMAICA 179 ST,F,IND,254,254,254,F01,IND,Queens Blvd,Jamaica - 179 St,Q,F,Subway,40.712646,-73.783817,,Manhattan,JAMAICA - 179 ST
340,JAMAICA CENTER,EJZ,IND,104,278,278,G05,IND,Queens - Archer,Jamaica Center - Parsons/Archer,Q,EJZ,Subway,40.702147,-73.801109,,Manhattan,JAMAICA CENTER - PARSONS/ARCHER
341,JAMAICA VAN WK,E,IND,280,280,280,G07,IND,Queens - Archer,Jamaica - Van Wyck,Q,E,Subway,40.702566,-73.816859,Jamaica Center,Manhattan,JAMAICA - VAN WYCK
342,JAY ST-METROTEC,ACF,IND,174,174,636,A41,IND,8th Av - Fulton St,Jay St - MetroTech,Bk,ACF,Subway,40.692338,-73.987342,Manhattan,Euclid - Lefferts - Rockaways - Coney Island,JAY ST - METROTECH
345,JFK JAMAICA CT1,E,IND,254,254,254,F01,IND,Queens Blvd,Jamaica - 179 St,Q,F,Subway,40.712646,-73.783817,,Manhattan,JAMAICA - 179 ST
346,JKSN HT-ROOSVLT,EFMR7,IND,267,267,616,G14,IND,Queens Blvd,Jackson Hts - Roosevelt Av,Q,EFMR,Subway,40.746644,-73.891338,Forest Hills - Jamaica,Manhattan,JACKSON HTS - ROOSEVELT AV
350,KEW GARDENS,EF,IND,0,259,259,F06,IND,Queens Blvd,Kew Gardens - Union Tpke,Q,EF,Subway,40.714441,-73.831008,Jamaica,Manhattan,KEW GARDENS - UNION TPKE
352,KINGS HWY,F,IND,250,250,250,F35,IND,6th Av - Culver,Kings Hwy,Bk,F,Elevated,40.603217,-73.97236100000000,Manhattan,Coney Island,KINGS HWY
355,KINGSBRIDGE RD,BD,IND,212,212,212,D04,IND,Concourse,Kingsbridge Rd,Bx,BD,Subway,40.866978,-73.893509,Bedford Pk Blvd & 205 St,Manhattan,KINGSBRIDGE RD
357,KINGSTON-THROOP,C,IND,180,180,180,A47,IND,8th Av - Fulton St,Kingston - Throop Avs,Bk,C,Subway,40.679921,-73.94085800000000,Manhattan,Euclid Av,KINGSTON - THROOP AVS
361,LAFAYETTE AV,C,IND,176,176,176,A43,IND,8th Av - Fulton St,Lafayette Av,Bk,C,Subway,40.686113,-73.973946,Manhattan,Euclid Av,LAFAYETTE AV
362,LEXINGTON AV/53,EM6,IND,275,275,612,F11,IND,Queens Blvd,Lexington Av/53 St,M,EM,Subway,40.757552000000000,-73.96905500000000,Queens,Downtown & Brooklyn,LEXINGTON AV/53 ST
363,LEXINGTON AV/63,F,IND,223,223,223,B08,IND,63rd St,Lexington Av/63 St,M,FQ,Subway,40.764629,-73.966113,Uptown - Queens,Downtown & Brooklyn,LEXINGTON AV/63 ST
364,LIBERTY AV,C,IND,185,185,185,A52,IND,8th Av - Fulton St,Liberty Av,Bk,C,Subway,40.674542000000000,-73.896548,Manhattan,Euclid Av,LIBERTY AV
371,METROPOLITAN AV,GL,IND,285,285,629,G29,IND,Crosstown,Metropolitan Av,Bk,G,Subway,40.712792,-73.951418,Queens,Church Av,METROPOLITAN AV
382,MYRTLE-WILLOUGH,G,IND,288,288,288,G32,IND,Crosstown,Myrtle - Willoughby Avs,Bk,G,Subway,40.694568,-73.949046,Queens,Church Av,MYRTLE - WILLOUGHBY AVS
384,NASSAU AV,G,IND,284,284,284,G28,IND,Crosstown,Nassau Av,Bk,G,Subway,40.724635,-73.951277,Queens,Church Av,NASSAU AV
386,NEPTUNE AV,F,IND,253,253,253,F39,IND,6th Av - Culver,Neptune Av,Bk,F,Elevated,40.581011,-73.974574,Manhattan,Stillwell Av,NEPTUNE AV
398,NORTHERN BLVD,MR,IND,269,269,269,G16,IND,Queens Blvd,Northern Blvd,Q,MR,Subway,40.752885,-73.906006,Forest Hills,Manhattan,NORTHERN BLVD
399,NORWOOD 205 ST,D,IND,210,210,210,D01,IND,Concourse,Norwood - 205 St,Bx,D,Subway,40.874811,-73.878855,,Manhattan,NORWOOD - 205 ST
402,NOSTRAND AV,AC,IND,179,179,179,A46,IND,8th Av - Fulton St,Nostrand Av,Bk,AC,Subway,40.680438,-73.95042600000000,Manhattan,Euclid - Lefferts - Rockaways,NOSTRAND AV
404,ORCHARD BEACH,6,IND,199,199,199,H04,IND,Rockaway,Broad Channel,Q,AS,At Grade,40.608382,-73.815925,Manhattan,Rockaways,BROAD CHANNEL
405,OZONE PK LEFFRT,A,IND,46,195,195,A65,IND,Liberty Av,Ozone Park - Lefferts Blvd,Q,A,Elevated,40.685951,-73.82579800000000,Manhattan,,OZONE PARK - LEFFERTS BLVD
410,PARSONS BLVD,F,IND,256,256,256,F03,IND,Queens Blvd,Parsons Blvd,Q,F,Subway,40.707564,-73.803326,179 St,Manhattan,PARSONS BLVD
423,QUEENS PLAZA,EMR,IND,273,273,273,G21,IND,Queens Blvd,Queens Plaza,Q,EMR,Subway,40.748973,-73.93724300000000,Forest Hills - Jamaica,Manhattan,QUEENS PLAZA
425,RALPH AV,C,IND,182,182,182,A49,IND,8th Av - Fulton St,Ralph Av,Bk,C,Subway,40.678822,-73.92078600000000,Manhattan,Euclid Av,RALPH AV
431,ROCKAWAY AV,C,IND,183,183,183,A50,IND,8th Av - Fulton St,Rockaway Av,Bk,C,Subway,40.678340000000000,-73.911946,Manhattan,Euclid Av,ROCKAWAY AV
432,ROCKAWAY BLVD,A,IND,192,192,192,A61,IND,Liberty Av,Rockaway Blvd,Q,A,Elevated,40.680429,-73.843853,Manhattan,Lefferts - Rockaways,ROCKAWAY BLVD
433,ROCKAWAY PARK B,AS,IND,0,1,1,R01,BMT,Astoria,Astoria - Ditmars Blvd,Q,NW,Elevated,40.775036,-73.91203400000000,,Manhattan,ASTORIA - DITMARS BLVD
434,ROOSEVELT ISLND,F,IND,222,222,222,B06,IND,63rd St,Roosevelt Island,M,F,Subway,40.759145000000000,-73.95326,Queens,Manhattan,ROOSEVELT ISLAND
438,SHEPHERD AV,C,IND,187,187,187,A54,IND,8th Av - Fulton St,Shepherd Av,Bk,C,Subway,40.67413,-73.88075,Manhattan,Euclid Av,SHEPHERD AV
440,SMITH-9 ST,FG,IND,238,238,238,F22,IND,6th Av - Culver,Smith - 9 Sts,Bk,FG,Viaduct,40.67358,-73.995959,Manhattan - Queens,Church Av - Coney Island,SMITH - 9 STS
443,SPRING ST,CE,IND,168,168,168,A33,IND,8th Av - Fulton St,Spring St,M,CE,Subway,40.726227,-74.003739,Uptown - Queens,Downtown & Brooklyn,SPRING ST
446,STEINWAY ST,MR,IND,271,271,271,G19,IND,Queens Blvd,Steinway St,Q,MR,Subway,40.756879,-73.92074000000000,Forest Hills,Manhattan,STEINWAY ST
448,SUTPHIN BLVD,F,IND,257,257,257,F04,IND,Queens Blvd,Sutphin Blvd,Q,F,Subway,40.705460000000000,-73.81070800000000,179 St,Manhattan,SUTPHIN BLVD
449,SUTPHIN-ARCHER,EJZ,IND,464,279,279,G06,IND,Queens - Archer,Sutphin Blvd - Archer Av - JFK Airport,Q,EJZ,Subway,40.700486,-73.807969,Jamaica Center,Manhattan,SUTPHIN BLVD - ARCHER AV - JFK AIRPORT
458,TREMONT AV,BD,IND,215,215,215,D07,IND,Concourse,Tremont Av,Bx,BD,Subway,40.85041,-73.905227,Bedford Pk Blvd & 205 St,Manhattan,TREMONT AV
461,UTICA AV,AC,IND,181,181,181,A48,IND,8th Av - Fulton St,Utica Av,Bk,AC,Subway,40.679364,-73.930729,Manhattan,Euclid - Lefferts - Rockaways,UTICA AV
465,VAN SICLEN AVE,C,IND,186,186,186,A53,IND,8th Av - Fulton St,Van Siclen Av,Bk,C,Subway,40.672710000000000,-73.89035800000000,Manhattan,Euclid Av,VAN SICLEN AV
467,W 4 ST-WASH SQ,ABCDEFM,IND,206,167,167,A32,IND,8th Av - Fulton St,W 4 St,M,ACE,Subway,40.732338,-74.000495,Uptown - Queens,Downtown & Brooklyn,W 4 ST
479,WOODHAVEN BLVD,MR,IND,264,264,264,G11,IND,Queens Blvd,Woodhaven Blvd,Q,MR,Subway,40.733106,-73.869229,Forest Hills,Manhattan,WOODHAVEN BLVD
481,WORLD TRADE CTR,ACE23,IND,171,171,624,E01,IND,8th Av - Fulton St,World Trade Center,M,E,Subway,40.712582,-74.009781,Uptown & Queens,,WORLD TRADE CENTER
483,YORK ST,F,IND,235,235,235,F18,IND,6th Av - Culver,York St,Bk,F,Subway,40.701397,-73.986751,Manhattan,Coney Island,YORK ST
1,103 ST,1,IRT,309,309,309,119,IRT,Broadway - 7Av,103 St,M,1,Subway,40.799446,-73.968379,Uptown & The Bronx,Downtown,103 ST
2,103 ST,6,IRT,395,395,395,624,IRT,Lexington Av,103 St,M,6,Subway,40.7906,-73.947478,Uptown & The Bronx,Downtown,103 ST
4,103 ST-CORONA,7,IRT,450,450,450,706,IRT,Flushing,103 St - Corona Plaza,Q,7,Elevated,40.749865,-73.8627,Flushing,Manhattan,103 ST - CORONA PLAZA
7,110 ST,6,IRT,394,394,394,623,IRT,Lexington Av,110 St,M,6,Subway,40.79502,-73.94425,Uptown & The Bronx,Downtown,110 ST
8,111 ST,7,IRT,449,449,449,705,IRT,Flushing,111 St,Q,7,Elevated,40.75173,-73.855334,Flushing,Manhattan,111 ST
11,116 ST,23,IRT,440,440,440,226,IRT,Lenox - White Plains Rd,116 St,M,23,Subway,40.802098,-73.949625,Uptown & The Bronx,Downtown & Brooklyn,116 ST
12,116 ST,6,IRT,393,393,393,622,IRT,Lexington Av,116 St,M,6,Subway,40.798629,-73.94161700000000,Uptown & The Bronx,Downtown,116 ST
14,116 ST-COLUMBIA,1,IRT,307,307,307,117,IRT,Broadway - 7Av,116 St - Columbia University,M,1,Subway,40.807722,-73.96411000000000,Uptown & The Bronx,Downtown,116 ST - COLUMBIA UNIVERSITY
16,125 ST,1,IRT,297,297,297,107,IRT,Broadway - 7Av,215 St,M,1,Elevated,40.869444,-73.915279,The Bronx,Downtown,215 ST
17,125 ST,23,IRT,439,439,439,225,IRT,Lenox - White Plains Rd,125 St,M,23,Subway,40.807754000000000,-73.945495,Uptown & The Bronx,Downtown & Brooklyn,125 ST
18,125 ST,456,IRT,392,392,392,621,IRT,Lexington Av,125 St,M,456,Subway,40.804138,-73.93759400000000,The Bronx,Downtown & Brooklyn,125 ST
20,135 ST,23,IRT,438,438,438,224,IRT,Lenox - White Plains Rd,135 St,M,23,Subway,40.814229,-73.94077,Uptown & The Bronx,Downtown & Brooklyn,135 ST
22,137 ST CITY COL,1,IRT,305,305,305,115,IRT,Broadway - 7Av,137 St - City College,M,1,Subway,40.822008000000000,-73.953676,Uptown & The Bronx,Downtown,137 ST - CITY COLLEGE
23,138/GRAND CONC,45,IRT,391,391,391,416,IRT,Jerome Av,138 St - Grand Concourse,Bx,45,Subway,40.813224,-73.929849,Woodlawn - Eastchester Dyre Av,Manhattan,138 ST - GRAND CONCOURSE
24,14 ST,123FLM,IRT,322,322,601,132,IRT,Broadway - 7Av,14 St,M,123,Subway,40.737826,-74.000201,Uptown & The Bronx,Downtown & Brooklyn,14 ST
27,14 ST-UNION SQ,456LNQRW,IRT,14,15,602,R20,BMT,Broadway - Brighton,14 St - Union Sq,M,NQRW,Subway,40.735736000000000,-73.99056800000000,Uptown & Queens,Downtown & Brooklyn,14 ST - UNION SQ
29,145 ST,1,IRT,304,304,304,114,IRT,Broadway - 7Av,145 St,M,1,Subway,40.826551,-73.95036,Uptown & The Bronx,Downtown,145 ST
30,145 ST,3,IRT,437,437,437,302,IRT,Lenox - White Plains Rd,145 St,M,3,Subway,40.820421,-73.936245,148 St,Downtown & Brooklyn,145 ST
32,149/GRAND CONC,245,IRT,435,435,603,222,IRT,Lenox - White Plains Rd,149 St - Grand Concourse,Bx,25,Subway,40.81841,-73.92671800000000,Wakefield - Eastchester,Manhattan,149 ST - GRAND CONCOURSE
37,157 ST,1,IRT,303,303,303,113,IRT,Broadway - 7Av,157 St,M,1,Subway,40.834041,-73.94489,Uptown & The Bronx,Downtown,157 ST
38,161/YANKEE STAD,4BD,IRT,219,219,604,D11,IND,Concourse,161 St - Yankee Stadium,Bx,BD,Subway,40.827905,-73.925651,Bedford Pk Blvd & 205 St,Manhattan,161 ST - YANKEE STADIUM
41,167 ST,4,IRT,385,385,385,410,IRT,Jerome Av,176 St,Bx,4,Elevated,40.84848,-73.911794,Woodlawn,Manhattan,176 ST
43,168 ST,1AC,IRT,146,148,605,A09,IND,8th Av - Fulton St,168 St,M,AC,Subway,40.840719,-73.939561,207 St,Downtown & Brooklyn,168 ST
46,170 ST,4,IRT,387,387,387,412,IRT,Jerome Av,170 St,Bx,4,Elevated,40.840075,-73.91779100000000,Woodlawn,Manhattan,170 ST
48,174 ST,25,IRT,428,428,428,215,IRT,Lenox - White Plains Rd,174 St,Bx,25,Elevated,40.837288,-73.887734,Wakefield - Eastchester,Manhattan,174 ST
51,176 ST,4,IRT,385,385,385,410,IRT,Jerome Av,176 St,Bx,4,Elevated,40.84848,-73.911794,Woodlawn,Manhattan,176 ST
55,18 ST,1,IRT,301,301,301,111,IRT,Broadway - 7Av,181 St,M,1,Subway,40.849505,-73.933596,Uptown & The Bronx,Downtown,181 ST
56,181 ST,1,IRT,301,301,301,111,IRT,Broadway - 7Av,181 St,M,1,Subway,40.849505,-73.933596,Uptown & The Bronx,Downtown,181 ST
59,183 ST,4,IRT,383,383,383,408,IRT,Jerome Av,183 St,Bx,4,Elevated,40.858407,-73.903879,Woodlawn,Manhattan,183 ST
61,191 ST,1,IRT,300,300,300,110,IRT,Broadway - 7Av,191 St,M,1,Subway,40.855225,-73.929412,Uptown & The Bronx,Downtown,191 ST
65,207 ST,1,IRT,298,298,298,108,IRT,Broadway - 7Av,207 St,M,1,Elevated,40.864621,-73.91882200000000,Uptown & The Bronx,Downtown,207 ST
68,215 ST,1,IRT,297,297,297,107,IRT,Broadway - 7Av,215 St,M,1,Elevated,40.869444,-73.915279,The Bronx,Downtown,215 ST
69,219 ST,25,IRT,420,420,420,207,IRT,Lenox - White Plains Rd,219 St,Bx,25,Elevated,40.883895,-73.862633,Wakefield - 241 St,Manhattan,219 ST
70,225 ST,25,IRT,419,419,419,206,IRT,Lenox - White Plains Rd,225 St,Bx,25,Elevated,40.888022,-73.860341,Wakefield - 241 St,Manhattan,225 ST
71,23 ST,1,IRT,320,320,320,130,IRT,Broadway - 7Av,23 St,M,1,Subway,40.744081,-73.995657,Uptown & The Bronx,Downtown,23 ST
72,23 ST,6,IRT,405,405,405,634,IRT,Lexington Av,23 St,M,6,Subway,40.739864000000000,-73.986599,Uptown & The Bronx,Downtown,23 ST
76,231 ST,1,IRT,295,295,295,104,IRT,Broadway - 7Av,231 St,Bx,1,Elevated,40.878856,-73.904834,242 St,Manhattan,231 ST
77,233 ST,25,IRT,418,418,418,205,IRT,Lenox - White Plains Rd,233 St,Bx,25,Elevated,40.893193,-73.857473,Wakefield - 241 St,Manhattan,233 ST
78,238 ST,1,IRT,294,294,294,103,IRT,Broadway - 7Av,238 St,Bx,1,Elevated,40.884667,-73.90087,242 St,Manhattan,238 ST
81,28 ST,1,IRT,319,319,319,129,IRT,Broadway - 7Av,28 St,M,1,Subway,40.747215000000000,-73.993365,Uptown & The Bronx,Downtown,28 ST
82,28 ST,6,IRT,404,404,404,633,IRT,Lexington Av,28 St,M,6,Subway,40.74307,-73.984264,Uptown & The Bronx,Downtown,28 ST
85,3 AV 138 ST,6,IRT,377,377,377,619,IRT,Pelham,3 Av - 138 St,Bx,6,Subway,40.810476,-73.926138,Pelham Bay Park,Manhattan,3 AV - 138 ST
86,3 AV-149 ST,25,IRT,434,434,434,221,IRT,Lenox - White Plains Rd,3 Av - 149 St,Bx,25,Subway,40.816109000000000,-73.917757,Wakefield - Eastchester,Manhattan,3 AV - 149 ST
88,33 ST,6,IRT,403,403,403,632,IRT,Lexington Av,33 St,M,6,Subway,40.746081,-73.982076,Uptown & The Bronx,Downtown,33 ST
89,33 ST-RAWSON ST,7,IRT,0,1,1,R01,BMT,Astoria,Astoria - Ditmars Blvd,Q,NW,Elevated,40.775036,-73.91203400000000,,Manhattan,ASTORIA - DITMARS BLVD
92,34 ST-HUDSON YD,7,IRT,0,471,471,726,IRT,Flushing,34 St - 11 Av,M,7,Subway,40.755882,-74.00191,Queens,,34 ST - 11 AV
93,34 ST-PENN STA,123,IRT,318,318,318,128,IRT,Broadway - 7Av,34 St - Penn Station,M,123,Subway,40.750373000000000,-73.991057,Uptown & The Bronx,Downtown & Brooklyn,34 ST - PENN STATION
94,34 ST-PENN STA,123ACE,IRT,163,164,164,A28,IND,8th Av - Fulton St,34 St - Penn Station,M,ACE,Subway,40.752287,-73.993391,Uptown - Queens,Downtown & Brooklyn,34 ST - PENN STATION
101,40 ST LOWERY ST,7,IRT,234,459,459,715,IRT,Flushing,40 St,Q,7,Elevated,40.743781,-73.92401600000000,Flushing,Manhattan,40 ST
107,46 ST BLISS ST,7,IRT,458,458,458,714,IRT,Flushing,46 St,Q,7,Elevated,40.743132,-73.918435,Flushing,Manhattan,46 ST
113,5 AVE,7BDFM,IRT,68,466,609,724,IRT,Flushing,5 Av,M,7,Subway,40.753821,-73.98196300000000,Queens,34 St - Hudson Yards,5 AV
114,50 ST,1,IRT,316,316,316,126,IRT,Broadway - 7Av,50 St,M,1,Subway,40.761728000000000,-73.98384900000000,Uptown & The Bronx,Downtown,50 ST
117,51 ST,6,IRT,401,401,612,630,IRT,Lexington Av,51 St,M,6,Subway,40.757107,-73.97192,Uptown & The Bronx,Downtown,51 ST
118,52 ST,7,IRT,457,457,457,713,IRT,Flushing,52 St,Q,7,Elevated,40.744149,-73.912549,Flushing,Manhattan,52 ST
123,59 ST,456NQRW,IRT,400,400,613,629,IRT,Lexington Av,59 St,M,456,Subway,40.762526,-73.967967,Uptown & The Bronx,Downtown & Brooklyn,59 ST
126,59 ST COLUMBUS,1ABCD,IRT,160,161,614,A24,IND,8th Av - Fulton St,59 St - Columbus Circle,M,ABCD,Subway,40.768296,-73.981736,Uptown & The Bronx,Downtown & Brooklyn,59 ST - COLUMBUS CIRCLE
129,61 ST WOODSIDE,7,IRT,456,456,456,712,IRT,Flushing,Woodside - 61 St,Q,7,Elevated,40.74563,-73.902984,Flushing,Manhattan,WOODSIDE - 61 ST
132,66 ST-LINCOLN,1,IRT,314,314,314,124,IRT,Broadway - 7Av,66 St - Lincoln Center,M,1,Subway,40.77344,-73.982209,Uptown & The Bronx,Downtown,66 ST - LINCOLN CENTER
134,68ST-HUNTER CO,6,IRT,399,399,399,628,IRT,Lexington Av,68 St - Hunter College,M,6,Subway,40.768141,-73.96387,Uptown & The Bronx,Downtown,68 ST - HUNTER COLLEGE
135,69 ST,7,IRT,455,455,455,711,IRT,Flushing,69 St,Q,7,Elevated,40.746325,-73.896403,Flushing,Manhattan,69 ST
140,72 ST,123,IRT,313,313,313,123,IRT,Broadway - 7Av,72 St,M,123,Subway,40.778453000000000,-73.98197000000000,Uptown & The Bronx,Downtown & Brooklyn,72 ST
143,74 ST-BROADWAY,7EFMR,IRT,454,454,616,710,IRT,Flushing,74 St - Broadway,Q,7,Elevated,40.746848,-73.89139400000000,Flushing,Manhattan,74 ST - BROADWAY
146,77 ST,6,IRT,398,398,398,627,IRT,Lexington Av,77 St,M,6,Subway,40.77362,-73.959874,Uptown & The Bronx,Downtown,77 ST
148,79 ST,1,IRT,312,312,312,122,IRT,Broadway - 7Av,79 St,M,1,Subway,40.783934,-73.979917,Uptown & The Bronx,Downtown,79 ST
155,82 ST-JACKSON H,7,IRT,453,453,453,709,IRT,Flushing,82 St - Jackson Hts,Q,7,Elevated,40.747659000000000,-73.883697,Flushing,Manhattan,82 ST - JACKSON HTS
157,86 ST,1,IRT,311,311,311,121,IRT,Broadway - 7Av,86 St,M,1,Subway,40.788644,-73.976218,Uptown & The Bronx,Downtown,86 ST
158,86 ST,456,IRT,397,397,397,626,IRT,Lexington Av,86 St,M,456,Subway,40.779492,-73.955589,Uptown & The Bronx,Downtown & Brooklyn,86 ST
165,90 ST-ELMHURST,7,IRT,452,452,452,708,IRT,Flushing,90 St - Elmhurst Av,Q,7,Elevated,40.748408000000000,-73.876613,Flushing,Manhattan,90 ST - ELMHURST AV
166,96 ST,123,IRT,310,310,310,120,IRT,Broadway - 7Av,96 St,M,123,Subway,40.793919,-73.972323,Uptown & The Bronx,Downtown & Brooklyn,96 ST
167,96 ST,6,IRT,396,396,396,625,IRT,Lexington Av,96 St,M,6,Subway,40.785672,-73.95107,Uptown & The Bronx,Downtown,96 ST
172,ALLERTON AV,25,IRT,423,423,423,210,IRT,Lenox - White Plains Rd,Allerton Av,Bx,25,Elevated,40.865462,-73.867352,Wakefield - 241 St,Manhattan,ALLERTON AV
175,ASTOR PL,6,IRT,407,407,407,636,IRT,Lexington Av,Astor Pl,M,6,Subway,40.730054000000000,-73.99107,Uptown & The Bronx,Downtown,ASTOR PL
178,ATL AV-BARCLAY,2345BDNQR,IRT,185,338,617,235,IRT,Eastern Pky,Atlantic Av - Barclays Ctr,Bk,2345,Subway,40.684359,-73.977666,Manhattan,Flatbush - New Lots,ATLANTIC AV - BARCLAYS CTR
180,ATL AV-BARCLAY,BDNQR2345,IRT,185,338,617,235,IRT,Eastern Pky,Atlantic Av - Barclays Ctr,Bk,2345,Subway,40.684359,-73.977666,Manhattan,Flatbush - New Lots,ATLANTIC AV - BARCLAYS CTR
199,BAYCHESTER AV,5,IRT,443,443,443,502,IRT,Dyre Av,Baychester Av,Bx,5,Open Cut,40.878663,-73.83859100000000,Eastchester - Dyre Av,Manhattan,BAYCHESTER AV
209,BEDFORD PK BLVD,4,IRT,211,211,211,D03,IND,Concourse,Bedford Park Blvd,Bx,BD,Subway,40.873244,-73.88713800000000,Norwood - 205 St,Manhattan,BEDFORD PARK BLVD
212,BERGEN ST,23,IRT,339,339,339,236,IRT,Eastern Pky,Bergen St,Bk,23,Subway,40.680829000000000,-73.975098,Manhattan,Flatbush - New Lots,BERGEN ST
215,BEVERLY RD,25,IRT,357,357,357,245,IRT,Nostrand,Beverly Rd,Bk,25,Subway,40.645098,-73.948959,Manhattan,Flatbush,BEVERLY RD
216,BLEECKER ST,6DF,IRT,408,408,619,637,IRT,Lexington Av,Bleecker St,M,6,Subway,40.725915,-73.994659,Uptown & The Bronx,Downtown,BLEECKER ST
217,BOROUGH HALL,2345R,IRT,335,335,620,232,IRT,Clark St,Borough Hall,Bk,23,Subway,40.693219,-73.989998,Manhattan,Flatbush - New Lots,BOROUGH HALL
221,BOWLING GREEN,45,IRT,414,414,414,420,IRT,Lexington Av,Bowling Green,M,45,Subway,40.704817,-74.014065,Uptown & The Bronx,Brooklyn,BOWLING GREEN
229,BRONX PARK EAST,25,IRT,425,425,425,212,IRT,Lenox - White Plains Rd,Bronx Park East,Bx,25,Elevated,40.848828000000000,-73.86845700000000,Wakefield - 241 St,Manhattan,BRONX PARK EAST
230,BROOK AV,6,IRT,376,376,376,618,IRT,Pelham,Brook Av,Bx,6,Subway,40.807566000000000,-73.91924,Pelham Bay Park,Manhattan,BROOK AV
231,BROOKLYN BRIDGE,456JZ,IRT,414,411,622,640,IRT,Lexington Av,Brooklyn Bridge - City Hall,M,456,Subway,40.713065,-74.004131,Uptown & The Bronx,Downtown & Brooklyn,BROOKLYN BRIDGE - CITY HALL
232,BUHRE AV,6,IRT,361,361,361,602,IRT,Pelham,Buhre Av,Bx,6,Elevated,40.84681,-73.83256900000000,Pelham Bay Park,Manhattan,BUHRE AV
233,BURKE AV,25,IRT,422,422,422,209,IRT,Lenox - White Plains Rd,Burke Av,Bx,25,Elevated,40.871356,-73.867164,Wakefield - 241 St,Manhattan,BURKE AV
234,BURNSIDE AV,4,IRT,384,384,384,409,IRT,Jerome Av,Burnside Av,Bx,4,Elevated,40.853453,-73.907684,Woodlawn,Manhattan,BURNSIDE AV
236,CANAL ST,1,IRT,325,325,325,135,IRT,Broadway - 7Av,Canal St,M,1,Subway,40.722854,-74.006277,Uptown & The Bronx,Downtown,CANAL ST
241,CASTLE HILL AV,6,IRT,365,365,365,607,IRT,Pelham,Castle Hill Av,Bx,6,Elevated,40.834255,-73.85122200000000,Pelham Bay Park,Manhattan,CASTLE HILL AV
242,CATHEDRAL PKWY,1,IRT,308,308,308,118,IRT,Broadway - 7Av,Cathedral Pkwy,M,1,Subway,40.803967,-73.966847,Uptown & The Bronx,Downtown,CATHEDRAL PKWY
245,CENTRAL PK N110,23,IRT,441,441,441,227,IRT,Lenox - White Plains Rd,Central Park North (110 St),M,23,Subway,40.799075,-73.95182200000000,Uptown & The Bronx,Downtown & Brooklyn,CENTRAL PARK NORTH (110 ST)
246,CHAMBERS ST,123,IRT,327,327,327,137,IRT,Broadway - 7Av,Chambers St,M,123,Subway,40.715478000000000,-74.009266,Uptown & The Bronx,Downtown & Brooklyn,CHAMBERS ST
250,CHRISTOPHER ST,1,IRT,0,323,323,133,IRT,Broadway - 7Av,Christopher St - Sheridan Sq,M,1,Subway,40.733422,-74.00290600000000,Uptown & The Bronx,Downtown,CHRISTOPHER ST - SHERIDAN SQ
252,CHURCH AV,25,IRT,356,356,356,244,IRT,Nostrand,Church Av,Bk,25,Subway,40.650843,-73.949575,Manhattan,Flatbush,CHURCH AV
257,CLARK ST,23,IRT,334,334,334,231,IRT,Clark St,Clark St,Bk,23,Subway,40.697466,-73.993086,Manhattan,Flatbush - New Lots,CLARK ST
265,COURT SQ,7,IRT,463,462,606,719,IRT,Flushing,Court Sq,Q,7,Elevated,40.747023,-73.945264,Flushing,Manhattan,COURT SQ
269,CROWN HTS-UTICA,34,IRT,345,345,345,250,IRT,Eastern Pky,Crown Hts - Utica Av,Bk,34,Subway,40.668897000000000,-73.93294200000000,Manhattan,New Lots,CROWN HTS - UTICA AV
270,CYPRESS AV,6,IRT,375,375,375,617,IRT,Pelham,Cypress Av,Bx,6,Subway,40.805368,-73.91404200000000,Pelham Bay Park,Manhattan,CYPRESS AV
277,DYCKMAN ST,1,IRT,299,299,299,109,IRT,Broadway - 7Av,Dyckman St,M,1,Elevated,40.860531,-73.925536,Uptown & The Bronx,Downtown,DYCKMAN ST
279,E 143/ST MARY'S,6,IRT,374,374,374,616,IRT,Pelham,E 143 St - St Mary's St,Bx,6,Subway,40.808719,-73.907657,Pelham Bay Park,Manhattan,E 143 ST - ST MARY'S ST
280,E 149 ST,6,IRT,373,373,373,615,IRT,Pelham,E 149 St,Bx,6,Subway,40.812118,-73.904098,Pelham Bay Park,Manhattan,E 149 ST
281,E 180 ST,25,IRT,426,426,426,213,IRT,Lenox - White Plains Rd,E 180 St,Bx,25,Elevated,40.841894,-73.873488,Wakefield - Eastchester,Manhattan,E 180 ST
284,EASTCHSTER/DYRE,5,IRT,442,442,442,501,IRT,Dyre Av,Eastchester - Dyre Av,Bx,5,At Grade,40.8883,-73.830834,,Manhattan,EASTCHESTER - DYRE AV
285,EASTN PKWY-MUSM,23,IRT,341,341,341,238,IRT,Eastern Pky,Eastern Pkwy - Brooklyn Museum,Bk,23,Subway,40.671987,-73.964375,Manhattan,Flatbush - New Lots,EASTERN PKWY - BROOKLYN MUSEUM
286,ELDER AV,6,IRT,369,369,369,611,IRT,Pelham,Elder Av,Bx,6,Elevated,40.828584,-73.879159,Pelham Bay Park,Manhattan,ELDER AV
291,FLATBUSH AV-B.C,25,IRT,338,359,359,247,IRT,Nostrand,Flatbush Av - Brooklyn College,Bk,25,Subway,40.632836,-73.947642,Manhattan,,FLATBUSH AV - BROOKLYN COLLEGE
294,FLUSHING-MAIN,7,IRT,447,447,447,701,IRT,Flushing,Flushing - Main St,Q,7,Subway,40.7596,-73.83003000000000,,Manhattan,FLUSHING - MAIN ST
295,FORDHAM RD,4,IRT,382,382,382,407,IRT,Jerome Av,Fordham Rd,Bx,4,Elevated,40.862803,-73.901034,Woodlawn,Manhattan,FORDHAM RD
299,FRANKLIN AV,2345S,IRT,342,342,626,239,IRT,Eastern Pky,Franklin Av,Bk,2345,Subway,40.670682,-73.95813100000000,Manhattan,Flatbush - Utica - New Lots,FRANKLIN AV
301,FRANKLIN ST,1,IRT,326,326,326,136,IRT,Broadway - 7Av,Franklin St,M,1,Subway,40.719318,-74.006886,Uptown & The Bronx,Downtown,FRANKLIN ST
302,FREEMAN ST,25,IRT,429,429,429,216,IRT,Lenox - White Plains Rd,Freeman St,Bx,25,Elevated,40.829993,-73.891865,Wakefield - Eastchester,Manhattan,FREEMAN ST
308,FULTON ST,2345ACJZ,IRT,105,332,628,229,IRT,Clark St,Fulton St,M,23,Subway,40.709416,-74.006571,Uptown & The Bronx,Downtown & Brooklyn,FULTON ST
314,GRAND ARMY PLAZ,23,IRT,340,340,340,237,IRT,Eastern Pky,Grand Army Plaza,Bk,23,Subway,40.675235,-73.971046,Manhattan,Flatbush - New Lots,GRAND ARMY PLAZA
319,GRD CNTRL-42 ST,4567S,IRT,402,402,610,631,IRT,Lexington Av,Grand Central - 42 St,M,456,Subway,40.751776,-73.976848,Uptown & The Bronx,Downtown & Brooklyn,GRAND CENTRAL - 42 ST
322,GUN HILL RD,25,IRT,421,421,421,208,IRT,Lenox - White Plains Rd,Gun Hill Rd,Bx,25,Elevated,40.87785,-73.866256,Wakefield - 241 St,Manhattan,GUN HILL RD
323,GUN HILL RD,5,IRT,444,444,444,503,IRT,Dyre Av,Gun Hill Rd,Bx,5,Open Cut,40.869526,-73.846384,Eastchester - Dyre Av,Manhattan,GUN HILL RD
326,HARLEM 148 ST,3,IRT,436,436,436,301,IRT,Lenox - White Plains Rd,Harlem - 148 St,M,3,Subway,40.823880000000000,-73.93647,,Downtown & Brooklyn,HARLEM - 148 ST
330,HOUSTON ST,1,IRT,324,324,324,134,IRT,Broadway - 7Av,Houston St,M,1,Subway,40.728251,-74.005367,Uptown & The Bronx,Downtown,HOUSTON ST
332,HOYT ST,23,IRT,336,336,336,233,IRT,Eastern Pky,Hoyt St,Bk,23,Subway,40.690545,-73.985065,Manhattan,Flatbush - New Lots,HOYT ST
334,HUNTERS PT AV,7,IRT,464,463,463,720,IRT,Flushing,Hunters Point Av,Q,7,Subway,40.742216,-73.948916,Flushing,Manhattan,HUNTERS POINT AV
335,HUNTS POINT AV,6,IRT,371,371,371,613,IRT,Pelham,Hunts Point Av,Bx,6,Subway,40.820948,-73.890549,Pelham Bay Park,Manhattan,HUNTS POINT AV
336,INTERVALE AV,25,IRT,431,431,431,218,IRT,Lenox - White Plains Rd,Intervale Av,Bx,25,Elevated,40.822181,-73.896736,Wakefield - Eastchester,Manhattan,INTERVALE AV
338,JACKSON AV,25,IRT,433,433,433,220,IRT,Lenox - White Plains Rd,Jackson Av,Bx,25,Elevated,40.81649,-73.90780700000000,Wakefield - Eastchester,Manhattan,JACKSON AV
348,JUNCTION BLVD,7,IRT,451,451,451,707,IRT,Flushing,Junction Blvd,Q,7,Elevated,40.749145,-73.869527,Flushing,Manhattan,JUNCTION BLVD
349,JUNIUS ST,3,IRT,349,349,349,254,IRT,Eastern Pky,Junius St,Bk,3,Elevated,40.663515000000000,-73.902447,Manhattan,New Lots,JUNIUS ST
354,KINGSBRIDGE RD,4,IRT,381,381,381,406,IRT,Jerome Av,Kingsbridge Rd,Bx,4,Elevated,40.86776,-73.89717400000000,Woodlawn,Manhattan,KINGSBRIDGE RD
356,KINGSTON AV,3,IRT,344,344,344,249,IRT,Eastern Pky,Kingston Av,Bk,3,Subway,40.669399,-73.942161,Manhattan,New Lots,KINGSTON AV
366,LONGWOOD AV,6,IRT,372,372,372,614,IRT,Pelham,Longwood Av,Bx,6,Subway,40.816104000000000,-73.896435,Pelham Bay Park,Manhattan,LONGWOOD AV
369,MARBLE HILL-225,1,IRT,296,296,296,106,IRT,Broadway - 7Av,Marble Hill - 225 St,M,1,Elevated,40.874561,-73.90983100000000,242 St,Downtown,MARBLE HILL - 225 ST
373,METS-WILLETS PT,7,IRT,448,448,448,702,IRT,Flushing,Mets - Willets Point,Q,7,Elevated,40.754622,-73.845625,Flushing,Manhattan,METS - WILLETS POINT
374,MIDDLETOWN RD,6,IRT,362,362,362,603,IRT,Pelham,Middletown Rd,Bx,6,Elevated,40.843863,-73.836322,Pelham Bay Park,Manhattan,MIDDLETOWN RD
377,MORISN AV/SNDVW,6,IRT,368,368,368,610,IRT,Pelham,Morrison Av- Sound View,Bx,6,Elevated,40.829521,-73.874516,Pelham Bay Park,Manhattan,MORRISON AV- SOUND VIEW
378,MORRIS PARK,5,IRT,446,446,446,505,IRT,Dyre Av,Morris Park,Bx,5,Open Cut,40.854364000000000,-73.860495,Eastchester - Dyre Av,Manhattan,MORRIS PARK
379,MOSHOLU PKWY,4,IRT,379,379,379,402,IRT,Jerome Av,Mosholu Pkwy,Bx,4,Elevated,40.87975,-73.88465500000000,Woodlawn,Manhattan,MOSHOLU PKWY
380,MT EDEN AV,4,IRT,386,386,386,411,IRT,Jerome Av,Mt Eden Av,Bx,4,Elevated,40.844434,-73.91468500000000,Woodlawn,Manhattan,MT EDEN AV
387,NEREID AV,25,IRT,417,417,417,204,IRT,Lenox - White Plains Rd,Nereid Av,Bx,25,Elevated,40.898379,-73.854376,Wakefield - 241 St,Manhattan,NEREID AV
388,NEVINS ST,2345,IRT,337,337,337,234,IRT,Eastern Pky,Nevins St,Bk,2345,Subway,40.688246,-73.980492,Manhattan,Flatbush - Utica - New Lots,NEVINS ST
390,NEW LOTS AV,3,IRT,352,352,352,257,IRT,Eastern Pky,New Lots Av,Bk,3,Elevated,40.666235,-73.884079,Manhattan,,NEW LOTS AV
396,NEWKIRK AV,25,IRT,358,358,358,246,IRT,Nostrand,Newkirk Av,Bk,25,Subway,40.639967,-73.948411,Manhattan,Flatbush,NEWKIRK AV
401,NOSTRAND AV,3,IRT,343,343,343,248,IRT,Eastern Pky,Nostrand Av,Bk,3,Subway,40.669847,-73.950466,Manhattan,New Lots,NOSTRAND AV
406,PARK PLACE,23ACE,IRT,331,331,624,228,IRT,Clark St,Park Pl,M,23,Subway,40.713051,-74.008811,Uptown & The Bronx,Downtown & Brooklyn,PARK PL
408,PARKCHESTER,6,IRT,366,366,366,608,IRT,Pelham,Parkchester,Bx,6,Elevated,40.833226,-73.860816,Pelham Bay Park,Manhattan,PARKCHESTER
414,PELHAM BAY PARK,6,IRT,360,360,360,601,IRT,Pelham,Pelham Bay Park,Bx,6,Elevated,40.852462,-73.828121,,Manhattan,PELHAM BAY PARK
415,PELHAM PKWY,25,IRT,424,424,424,211,IRT,Lenox - White Plains Rd,Pelham Pkwy,Bx,25,Elevated,40.857192,-73.867615,Wakefield - 241 St,Manhattan,PELHAM PKWY
416,PELHAM PKWY,5,IRT,445,445,445,504,IRT,Dyre Av,Pelham Pkwy,Bx,5,Open Cut,40.858985,-73.85535900000000,Eastchester - Dyre Av,Manhattan,PELHAM PKWY
417,PENNSYLVANIA AV,3,IRT,350,350,350,255,IRT,Eastern Pky,Pennsylvania Av,Bk,3,Elevated,40.664635,-73.89489500000000,Manhattan,New Lots,PENNSYLVANIA AV
418,PRESIDENT ST,25,IRT,353,353,353,241,IRT,Nostrand,President St,Bk,25,Subway,40.667883,-73.950683,Manhattan,Flatbush,PRESIDENT ST
420,PROSPECT AV,25,IRT,432,432,432,219,IRT,Lenox - White Plains Rd,Prospect Av,Bx,25,Elevated,40.819585,-73.90177,Wakefield - Eastchester,Manhattan,PROSPECT AV
424,QUEENSBORO PLZ,7NQW,IRT,462,461,461,R09,BMT,Astoria,Queensboro Plaza,Q,NW,Elevated,40.750582,-73.940202,Astoria - Flushing,Manhattan,QUEENSBORO PLAZA
426,RECTOR ST,1,IRT,329,329,329,139,IRT,Broadway - 7Av,Rector St,M,1,Subway,40.707513,-74.01378300000000,Uptown & The Bronx,Downtown,RECTOR ST
430,ROCKAWAY AV,3,IRT,348,348,348,253,IRT,Eastern Pky,Rockaway Av,Bk,3,Elevated,40.662549,-73.908946,Manhattan,New Lots,ROCKAWAY AV
435,SARATOGA AV,3,IRT,347,347,347,252,IRT,Eastern Pky,Saratoga Av,Bk,3,Elevated,40.661453,-73.916327,Manhattan,New Lots,SARATOGA AV
439,SIMPSON ST,25,IRT,430,430,430,217,IRT,Lenox - White Plains Rd,Simpson St,Bx,25,Elevated,40.824073,-73.893064,Wakefield - Eastchester,Manhattan,SIMPSON ST
441,SOUTH FERRY,1RW,IRT,330,330,635,142,IRT,Broadway - 7Av,South Ferry,M,1,Subway,40.702068,-74.013664,Uptown & The Bronx,,SOUTH FERRY
442,SPRING ST,6,IRT,409,409,409,638,IRT,Lexington Av,Spring St,M,6,Subway,40.722301,-73.997141,Uptown & The Bronx,Downtown,SPRING ST
444,ST LAWRENCE AV,6,IRT,367,367,367,609,IRT,Pelham,St Lawrence Av,Bx,6,Elevated,40.831509000000000,-73.86761800000000,Pelham Bay Park,Manhattan,ST LAWRENCE AV
447,STERLING ST,25,IRT,354,354,354,242,IRT,Nostrand,Sterling St,Bk,25,Subway,40.662742,-73.95085,Manhattan,Flatbush,STERLING ST
451,SUTTER AV-RUTLD,3,IRT,346,346,346,251,IRT,Eastern Pky,Sutter Av - Rutland Rd,Bk,3,Elevated,40.664717000000000,-73.92261000000000,Manhattan,New Lots,SUTTER AV - RUTLAND RD
454,TIMES SQ-42 ST,1237ACENQRS,IRT,10,467,611,725,IRT,Flushing,Times Sq - 42 St,M,7,Subway,40.755477,-73.987691,Queens,34 St - Hudson Yards,TIMES SQ - 42 ST
455,TIMES SQ-42 ST,1237ACENQRSW,IRT,10,317,611,127,IRT,Broadway - 7Av,Times Sq - 42 St,M,123,Subway,40.75529,-73.987495,Uptown & The Bronx,Downtown & Brooklyn,TIMES SQ - 42 ST
462,V.CORTLANDT PK,1,IRT,293,293,293,101,IRT,Broadway - 7Av,Van Cortlandt Park - 242 St,Bx,1,Elevated,40.889248000000000,-73.898583,,Manhattan,VAN CORTLANDT PARK - 242 ST
463,VAN SICLEN AV,3,IRT,351,351,351,256,IRT,Eastern Pky,Van Siclen Av,Bk,3,Elevated,40.665449,-73.889395,Manhattan,New Lots,VAN SICLEN AV
466,VERNON-JACKSON,7,IRT,465,464,464,721,IRT,Flushing,Vernon Blvd - Jackson Av,Q,7,Subway,40.742626,-73.953581,Flushing,Manhattan,VERNON BLVD - JACKSON AV
469,WAKEFIELD/241,2,IRT,416,416,416,201,IRT,Lenox - White Plains Rd,Wakefield - 241 St,Bx,2,Elevated,40.903125,-73.85062000000000,,Manhattan,WAKEFIELD - 241 ST
470,WALL ST,23,IRT,333,333,333,230,IRT,Clark St,Wall St,M,23,Subway,40.706821000000000,-74.0091,Uptown & The Bronx,Brooklyn,WALL ST
471,WALL ST,45,IRT,413,413,413,419,IRT,Lexington Av,Wall St,M,45,Subway,40.707557,-74.011862,Uptown & The Bronx,Downtown & Brooklyn,WALL ST
472,WEST FARMS SQ,25,IRT,429,427,427,214,IRT,Lenox - White Plains Rd,West Farms Sq - E Tremont Av,Bx,25,Elevated,40.840295000000000,-73.880049,Wakefield - Eastchester,Manhattan,WEST FARMS SQ - E TREMONT AV
473,WESTCHESTER SQ,6,IRT,0,363,363,604,IRT,Pelham,Westchester Sq - E Tremont Av,Bx,6,Elevated,40.839892,-73.842952,Pelham Bay Park,Manhattan,WESTCHESTER SQ - E TREMONT AV
475,WHITLOCK AV,6,IRT,370,370,370,612,IRT,Pelham,Whitlock Av,Bx,6,Elevated,40.826525,-73.88628300000000,Pelham Bay Park,Manhattan,WHITLOCK AV
477,WINTHROP ST,25,IRT,355,355,355,243,IRT,Nostrand,Winthrop St,Bk,25,Subway,40.656652,-73.9502,Manhattan,Flatbush,WINTHROP ST
480,WOODLAWN,4,IRT,378,378,378,401,IRT,Jerome Av,Woodlawn,Bx,4,Elevated,40.886037,-73.878751,,Manhattan,WOODLAWN
482,WTC-CORTLANDT,1,IRT,328,328,328,138,IRT,Broadway - 7Av,WTC Cortlandt,M,1,Subway,40.711835,-74.012188,Uptown & The Bronx,Downtown,WTC CORTLANDT
484,ZEREGA AV,6,IRT,364,364,364,606,IRT,Pelham,Zerega Av,Bx,6,Elevated,40.836488,-73.847036,Pelham Bay Park,Manhattan,ZEREGA AV
33,14TH STREET,1,PTH,373,373,373,615,IRT,Pelham,E 149 St,Bx,6,Subway,40.7375,-73.9971,Manhattan,Manhattan,E 149 ST
170,9TH STREET,1,PTH,329,329,329,139,IRT,Broadway - 7Av,Rector St,M,1,Subway,40.7342,-73.998,Manhattan,Downtown,RECTOR ST
251,CHRISTOPHER ST,1,PTH,0,323,323,133,IRT,Broadway - 7Av,Christopher St - Sheridan Sq,M,1,Subway,40.7331,-74.0071,Jersey,Downtown,CHRISTOPHER ST - SHERIDAN SQ
255,CITY / BUS,1,PTH,95,96,96,J31,BMT,Jamaica,Kosciuszko St,Bk,J,Elevated,40.693342,-73.928814,Jamaica,Manhattan,KOSCIUSZKO ST
289,EXCHANGE PLACE,1,PTH,199,199,199,H04,IND,Rockaway,Broad Channel,Q,AS,At Grade,40.7168,-74.0324,Jersey,Rockaways,BROAD CHANNEL
321,GROVE STREET,1,PTH,0,1,1,R01,BMT,Astoria,Astoria - Ditmars Blvd,Q,NW,Elevated,40.7218,-74.0447,Jersey,Manhattan,ASTORIA - DITMARS BLVD
327,HARRISON,1,PTH,0,1,1,R01,BMT,Astoria,Astoria - Ditmars Blvd,Q,NW,Elevated,40.7384,-74.1557,Jersey,Manhattan,ASTORIA - DITMARS BLVD
347,JOURNAL SQUARE,1,PTH,0,1,1,R01,BMT,Astoria,Astoria - Ditmars Blvd,Q,NW,Elevated,40.7326,-74.0627,Jersey,Manhattan,ASTORIA - DITMARS BLVD
360,LACKAWANNA,1,PTH,378,378,378,401,IRT,Jerome Av,Woodlawn,Bx,4,Elevated,40.886037,-73.878751,Jersey,Manhattan,WOODLAWN
392,NEWARK BM BW,1,PTH,358,358,358,246,PTH,NEWARK BM BW,NEWARK BM BW,Bk,246,Subway,40.7342,-74.1585,Newark,Newark,NEWARK BM BW
393,NEWARK C,1,PTH,358,358,358,246,PTH,NEWARK C,NEWARK C,Bk,246,Subway,40.7342,-74.1585,Newark,Newark,NEWARK C
394,NEWARK HM HE,1,PTH,358,358,358,246,PTH,NEWARK HM HE,NEWARK HM HE,Bk,246,Subway,40.7342,-74.1585,Newark,Newark,NEWARK HM HE
395,NEWARK HW BMEBE,1,PTH,360,360,360,246,PTH,NEWARK HW BMEBE,NEWARK HW BMEBE,Bx,246,Subway,40.7342,-74.1585,Newark,Newark,NEWARK HW BMEBE
411,PATH NEW WTC,1,PTH,72,171,624,E01,IND,8th Av - Fulton St,World Trade Center,M,E,Subway,40.712582,-74.009781,Uptown & Queens,,WORLD TRADE CENTER
412,PATH WTC 2,1,PTH,19,171,624,E01,IND,8th Av - Fulton St,World Trade Center,M,E,Subway,40.712582,-74.009781,Uptown & Queens,,WORLD TRADE CENTER
413,PAVONIA/NEWPORT,1,PTH,283,283,283,G26,IND,Crosstown,Greenpoint Av,Bk,G,Subway,40.7270,-74.0338,Queens,Church Av,GREENPOINT AV
452,THIRTY ST,1,PTH,0,1,1,R01,BMT,Astoria,Astoria - Ditmars Blvd,Q,NW,Elevated,40.775036,-73.91203400000000,,Manhattan,ASTORIA - DITMARS BLVD
453,THIRTY THIRD ST,1,PTH,353,353,353,241,IRT,Nostrand,President St,Bk,25,Subway,40.667883,-73.950683,Manhattan,Flatbush,PRESIDENT ST
459,TWENTY THIRD ST,1,PTH,0,1,1,R01,BMT,Astoria,Astoria - Ditmars Blvd,Q,NW,Elevated,40.775036,-73.91203400000000,,Manhattan,ASTORIA - DITMARS BLVD
428,RIT-MANHATTAN,R,RIT,238,238,238,F22,IND,6th Av - Culver,Smith - 9 Sts,Bk,FG,Viaduct,40.7616,-73.9646,Manhattan - Queens,Church Av - Coney Island,SMITH - 9 STS
429,RIT-ROOSEVELT,R,RIT,0,1,1,R01,BMT,Astoria,Astoria - Ditmars Blvd,Q,NW,Elevated,40.7616,-73.9646,,Manhattan,ASTORIA - DITMARS BLVD
445,ST. GEORGE,1,SRT,475,501,501,S31,SIR,Staten Island,St George,SI,SIR,Open Cut,40.643748000000000,-74.073643,,Tottenville,ST GEORGE
457,TOMPKINSVILLE,1,SRT,476,502,502,S30,SIR,Staten Island,Tompkinsville,SI,SIR,At Grade,40.636949,-74.074835,St George,Tottenville,TOMPKINSVILLE